<?xml version="1.0" encoding="UTF-8"?>
<!DOCTYPE properties SYSTEM "http://java.sun.com/dtd/properties.dtd">
<properties>
 <comment>Aerosol Calculator related queries.</comment>
  <entry key="walter.tradenames">
    select wp.productnumber, omv.instancemembervalue, ooFormat.instancename as format, trade.instanceguid, trade.instancename as tradename, wp.productguid, wpc.listprice
      from intldb.walter_products wp, intldb.oo_instances prod, intldb.walter_products_countries wpc, 
           intldb.oo_classes_members ocm, intldb.oo_instances_members_values omv, intldb.oo_instances country,
           intldb.oo_instances ooFormat, intldb.oo_instances_relationships oir, intldb.oo_instances oodim, intldb.oo_instances trade
     where wp.productguid = prod.instanceguid
       and prod.classguid = :franchiseguid
       and ocm.classguid = prod.classguid
       and ocm.membername in ( 'Size_')
       and omv.intancememberguid = ocm.memberguid
       and wp.productnumber in ('57F005','57F008','57F055','57F058','57G105','57G108','53X007','53X008','53C557','53C558')
       and wp.productguid = wpc.productguid
       and wpc.countryguid = country.instanceguid
       and country.instancealternatekey = :countryCode
       and wpc.deletedatetime is null
       and omv.instanceguid = wpc.productversionguid
       and omv.instancememberuomguid = ooFormat.instanceguid
       and omv.instancememberuomguid = oir.childinstanceguid
       and wpc.tradenameguid = trade.instanceguid
       and trade.instancestatus = 'Active'
       and oir.relationshiptype = 'D'
       and oir.relationshipstatus = 'Active'
       and oir.parentinstanceguid = oodim.instanceguid
       and oodim.instancename = :unitName
       and omv.deletedatetime is null
       and wpc.topublish = 'Y'
       and wp.productstatus = 'Active'
       and wpc.deletedatetime is null
       and omv.deletedatetime is null
       order by trade.instancename, wp.productnumber
  </entry>

  <entry key="walter.tradenames.translation">
    SELECT babeltrade.membervalue
      FROM OoBabelMembers babelTrade
     WHERE babelTrade.languageguid.instancealternatekey = :languageAbbreviation
       AND babelTrade.classmemberguid.classguid.classname = 'TradeName'
       and babelTrade.instanceguid.instanceguid = :tradeguid
  </entry>

  <entry key="walter.product.listprice">
    select wpc.listprice
      from intldb.walter_products wp, intldb.walter_products_countries wpc, intldb.oo_instances country
     where wp.productguid = wpc.productguid
       and wpc.countryguid = country.instanceguid
       and country.instancealternatekey = :countryCode
       and wp.productnumber = :productnumber
  </entry>

  <entry key="walter.aerosol.id">
    select nvl(max(id), 1) + 1
      from walter.aerosolcalculator
  </entry>

  <entry key="Aerosolcalculator.byUser">
    select ac
      from Aerosolcalculator ac
     where ac.creatorUserName = :username
       and ac.deleteDate is null
  </entry>

  <entry key="Aerosolcalculator.byId">
    select ac
      from Aerosolcalculator ac
     where ac.id = :id
  </entry>
</properties>