<?xml version="1.0" encoding="UTF-8"?>
<!DOCTYPE properties SYSTEM "http://java.sun.com/dtd/properties.dtd">
<properties>
 <comment>Expense reports related queries.</comment>

  <entry key="country.getAll">
    select c
      from Country c
     where c.countryId in (2, 3, 4, 5)
     order by description
  </entry>

  <entry key="productivityReport.getReport">
    select pr.id, pr.comp_price, pr.hourly_labor_rate, um.material_desc, pr.publish_date, pr.sale_representative, pr.walter_price, pr.walter_product_number, pr.yearly_usage, 
           pc.name as companyName, ucp.model_number, ucb.name as brandName, uc.competitor_name,  oo.instancename, pr.comp_annual_rem_material, pr.walter_wheels_quantity, pr.comp_annual_cuts_number, 
           pr.comp_labour_cost, pr.comp_product_cost, pr.walter_labour_cost, pr.walter_product_cost, pr.comments, pr.comp_man_hours_required, pr.walter_man_hours_required
      from waltercb.Productivity_Report pr, walter.U_Person u, waltercb.u_material um, waltercb.pr_company pc, waltercb.U_Competitor_Product ucp, 
           waltercb.U_Competitor_Brand ucb, waltercb.U_COMPETITOR uc, intldb.oo_instances oo
     where pr.publish_Date is not null
       and pr.submit_Date is not null
       and pr.sale_Representative = u.user_Name
       and pr.material_id = um.material_id
       and um.lang_id = (select max(um2.lang_id)
                           from waltercb.u_material um2
                          where um.material_id = pr.material_id
                            and um2.lang_id in (1, 1))
       and pr.company_id = pc.id
       and ucp.id = pr.comp_product_id
       and ucb.id = ucp.brand_id
       and uc.competitor_id = ucb.competitor_id
       and oo.instanceguid = pr.application_guid
  </entry>
  
  <entry key="mobileProductivityReport.getReport">
    select r.id, c.description as countryName, u.screenname, r.update_date, r.status, app.instancename as actionName, 
           r.com, r.com_backing_number, r.com_backing_pad_price, r.com_diameter, r.com_end_user_price, r.com_grit, r.com_other_power_tools, 
           r.com_power_tools, r.com_product_name, r.com_product_number, r.com_quantity_backing_per_year, r.com_quantity_disc_per_year, r.contact_enterprise, 
           um.material_desc, r.name as reportName, r.reseller_compagny, r.sale_generated, r.shop_rate,
           r.time_per_disc_changeover, r.wal_end_user_price, r.wal_other_power_tools, r.wal_power_tools, prod.instancealternatekey, rl.saving, 
           rr.number_of_discs, rr.number_of_pads, rr.price_per_disc, rr.reimbursement
      from walterproductivity.reports r, liferay.user_ u, intldb.oo_instances app, waltercb.u_material um, intldb.oo_instances prod, 
           walterproductivity.reports_lostsavings rl, walterproductivity.reports_reimbursement rr, walter.u_person up, waltercb.country c
     where r.user_id = u.userid
       and r.application_id = app.instanceguid
       and r.material_id = um.material_id(+)
       and um.lang_id(+) = 1
       and r.wal_product_id = prod.instanceguid
       and rl.report_id = r.id
       and rr.report_id = rl.report_id
       and r.status != 'DELETED'
       and upper(u.screenname) = up.user_name
       and up.country_id = c.country_id
  </entry>
    
      
        
            
<!--  select u.country_id, wpr.*
  from Productivity_Report pr, U_Person u, u_material um, pr_company pc, U_Competitor_Product ucp, U_Competitor_Brand ucb, U_COMPETITOR uc, pr_result wpr
 where pr.publish_Date is not null
   and pr.submit_Date is not null
   and pr.sale_Representative = u.user_Name
   and pr.material_id = um.material_id
   and um.lang_id = (select max(um2.lang_id)
                       from u_material um2
                      where um.material_id = pr.material_id
                        and um2.lang_id in (1, 2))
   and pr.company_id = pc.id
   and ucp.id = pr.comp_product_id
   and ucb.id = ucp.brand_id
   and uc.competitor_id = ucb.competitor_id
   and pr.walter_result = wpr.id
   



442

       select *
         from U_Competitor_Brand-->
  

</properties>
