<?xml version="1.0" encoding="UTF-8"?>
<!DOCTYPE properties SYSTEM "http://java.sun.com/dtd/properties.dtd">
<properties>
 <comment>Cross Reference App related queries.</comment>
	<entry key="Competitor.getAll">
    select c
      from Competitor c
     where c.deletedDate is null
     order by c.name
	</entry>

	<entry key="CompetitorBrand.getAll">
    select cb
      from CompetitorBrand cb
     where cb.deletedDate is null
       and cb.competitorBrandPK.competitorId = :competitorId
     order by cb.name
	</entry>
  
  <entry key="CompetitorProduct.getAllForApp">
    select cb
      from CompetitorProduct cb, Country c
     where cb.deletedDate is null
       and cb.competitorProductPK.competitorId = :competitorId
       and cb.competitorProductPK.brandId = :brandId
       and cb.competitorProductPK.countryId = c.countryId
       and c.countryCode = :countryCode
<!--     order by cb.productNumber-->
	</entry>

  <entry key="CompetitorProduct.getUpdatedWithWalterProduct">
    select cb.competitor_id, cb.brand_id, cb.product_id, cb.country_id
      from crossreferenceapp.Competitor_Product cb, waltercb.Country c
     where cb.deleted_Date is null
       and cb.competitor_Id = :competitorId
       and cb.brand_Id = :brandId
       and cb.country_Id = c.country_Id
       and c.country_Code = :countryCode
       and (( cb.updated_Date >= :lastUpdated or cb.created_Date >= :lastUpdated )
            or cb.product_id in (select cwp.product_id
                                  from crossreferenceapp.competitor_walter_product cwp
                                 where cwp.product_number in (    select wp.productnumber
                                                                    from intldb.walter_products wp, intldb.walter_products_countries wpc, intldb.oo_instances country, intldb.oo_instances_relationships oir,
                                                                         intldb.oo_instances oo,intldb.walter_products_presentations wpp
                                                                   where wp.productguid = wpc.productguid
                                                                     and wp.productstatus = 'Active'
                                                                     and wpc.deletedatetime is null
                                                                     and wpc.topublish = 'Y'
                                                                     and wpc.deletedatetime is null
                                                                     and wp.producttype = 'Product'
                                                                     and wpc.countryguid = country.instanceguid
                                                                     and country.instancealternatekey = :countryCode
                                                                     and oir.parentinstanceguid = wpc.productguid
                                                                     and oir.filterinstanceguid = wpc.countryguid
                                                                     and oir.childinstanceguid = oo.instanceguid
                                                                     and oir.relationshiptype = 'AO'
                                                                     and oir.deletedatime is null
                                                                     and oir.relationshipstatus = 'Active'
                                                                     and oo.instancealternatekey in ('Bio-Circle','MRO - Solutions','Welding')
                                                                     and oo.instancename not in ('Your Accessories', 'Surfox Marking &amp;amp; Testing','Cleaning Systems', 'Surfox', 'Aerosol Refilling System')
                                                                     and oo.instancestatus = 'Active'
                                                                     and wpc.productpresentationguid = wpp.productpresentationguid
                                                                     and wp.productguid in (select wp2.productguid
                                                                                              from intldb.walter_products wp2, intldb.walter_products_countries wpc2, intldb.oo_instances country2,
                                                                                                   intldb.oo_instances_members_values omv, intldb.oo_instances_relationships oir2
                                                                                             where wp2.productguid = wpc2.productguid
                                                                                               and wpc2.countryguid = country2.instanceguid
                                                                                               and wpc2.productversionguid = omv.instanceguid
                                                                                               and country2.instancealternatekey = :countryCode
                                                                                               and oir2.parentinstanceguid = wpc2.productversionguid
                                                                                               and ( wpc2.updatedatetime >= :lastUpdated or wp2.updatedatetime >= :lastUpdated or
                                                                                                     wpc2.adddatetime >= :lastUpdated or wp2.adddatetime >= :lastUpdated or
                                                                                                     omv.adddatetime >= :lastUpdated or omv.updatedatetime >= :lastUpdated or
                                                                                                     oir2.adddatetime>= :lastUpdated or oir2.updatedatetime >= :lastUpdated))))
            )
     order by cb.product_Number
	</entry>

  <entry key="CompetitorProduct.getUpdatedForApp">
    select cb
      from CompetitorProduct cb
     where cb.deletedDate is null
       and cb.competitorProductPK.competitorId = :competitorId
       and cb.competitorProductPK.brandId = :brandId
       and cb.competitorProductPK.countryId = :countryId
       and cb.competitorProductPK.productId = :productId
     order by cb.productNumber
  </entry>

  <entry key="CompetitorProduct.getAllForManage">
    select cb
      from CompetitorProduct cb
     where cb.deletedDate is null
       and cb.competitorProductPK.competitorId = :competitorId
       and cb.competitorProductPK.brandId = :brandId
       and cb.competitorProductPK.countryId = (select min(c.countryId)
                                                 from Country c, CompetitorProduct cb2
                                                where cb2.competitorProductPK.countryId = c.countryId
                                                  and cb.competitorProductPK.competitorId = cb2.competitorProductPK.competitorId
                                                  and cb.competitorProductPK.brandId = cb2.competitorProductPK.brandId
                                                  and c.countryCode in (:countryCode, 'US', 'CA', 'Int', 'BR', 'MX'))
     order by cb.productNumber
	</entry>

  <entry key="CompetitorProduct.getupdated">
    select cb
      from CompetitorProduct cb, Country c
     where cb.deletedDate is null
       and cb.competitorProductPK.competitorId = :competitorId
       and cb.competitorProductPK.brandId = :brandId
       and cb.competitorProductPK.countryId = c.countryId
       and c.countryCode = :countryCode
     order by cb.productNumber
	</entry>

  <entry key="CompetitorProduct.getByPrimaryKey">
    select cb
      from CompetitorProduct cb
     where cb.deletedDate is null
       and cb.competitorProductPK.competitorId = :competitorId
       and cb.competitorProductPK.brandId = :brandId
       and cb.competitorProductPK.productId = :productId
       and cb.competitorProductPK.countryId = :countryId
     order by cb.productNumber
	</entry>

	<entry key="Country.getAll">
    select c
      from Country c
     where c.countryId in (2, 3, 4, 5)
     order by c.countryId
	</entry>

	<entry key="Competitor.nextSequence">
    select crossreferenceapp.competitor_seq.NEXTVAL
      from dual
	</entry>

	<entry key="CompetitorBrand.nextSequence">
    select crossreferenceapp.competitor_brand_seq.NEXTVAL
      from dual
	</entry>
  
  <entry key="Material.getByProductId">
    select oo
      from CompetitorMaterial m, OoInstances oo
     where m.competitorMaterialPK.brandId = :brandId
       and m.competitorMaterialPK.competitorId = :competitorId
       and m.competitorMaterialPK.productId = :productId
       and m.competitorMaterialPK.countryId = :countryId
       and m.competitorMaterialPK.materialGuid = oo.instanceguid
  </entry>

  <entry key="Material.getinstanceguid">
    select intldb.commonpkg.getbabeltraduction(oo.instanceguid, :langCode, 'Name')
      from crossreferenceapp.Competitor_Material m, intldb.Oo_Instances oo
     where m.brand_Id = :brandId
       and m.competitor_Id = :competitorId
       and m.product_Id = :productId
       and m.country_Id = :countryId
       and m.material_Guid = oo.instanceguid
  </entry>

  <entry key="Application.getTranslation">
    select intldb.commonpkg.getbabeltraduction(ca.application_guid, :langCode, 'Name')
      from crossreferenceapp.competitor_application ca
     where brand_id = :brandId
       and competitor_id = :competitorId
       and product_id = :productId
       and country_id = :countryId
  </entry>

  <entry key="Application.getinstanceguid">
    select oo
      from CompetitorApplication ca, OoInstances oo
     where ca.competitorApplicationPK.brandId = :brandId
       and ca.competitorApplicationPK.competitorId = :competitorId
       and ca.competitorApplicationPK.productId = :productId
       and ca.competitorApplicationPK.countryId = :countryId
       and ca.competitorApplicationPK.applicationGuid = oo.instanceguid
  </entry>

  <entry key="CompetitorWalterProduct.getByProductId">
    select cwp
      from CompetitorWalterProduct cwp
     where cwp.competitorWalterProductPK.brandId = :brandId
       and cwp.competitorWalterProductPK.competitorId = :competitorId
       and cwp.competitorWalterProductPK.productId = :productId
       and cwp.competitorWalterProductPK.countryId = :countryId
  </entry>

  <entry key="Certification.getByProductId">
    select oo
      from CompetitorCertification cf, OoInstances oo
     where cf.competitorCertificationPK.brandId = :brandId
       and cf.competitorCertificationPK.competitorId = :competitorId
       and cf.competitorCertificationPK.productId = :productId
       and cf.competitorCertificationPK.countryId = :countryId
       and cf.competitorCertificationPK.certificationGuid = oo.instanceguid
  </entry>
        
  <entry key="Certification.getCertificationIcon">
    select omv.instancemembervalue
      from crossreferenceapp.Competitor_Certification cf, intldb.Oo_Instances oo, intldb.oo_instances_members_values omv, intldb.oo_classes_members ocm
     where cf.certification_guid = oo.instanceguid
       and oo.instanceguid = omv.instanceguid
       and omv.intancememberguid = ocm.memberguid
       and ocm.membername = 'ImageName'
       and cf.brand_id = :brandId
       and cf.competitor_id = :competitorId
       and cf.product_id = :productId
       and country_id = :countryId
       and omv.deletedatetime is null
       and ocm.deletedatetime is null
       and ocm.memberstatus = 'Active'
  </entry>

  <entry key="OoInstance.getByClassName">
    select o
      from OoInstances o
     where o.classguid.classname = :classname
       and o.classguid.classstatus = 'Active'
       and o.instancestatus = 'Active'
       and o.deletedatetime is null
     order by lower(o.instancename)
  </entry>

  <entry key="OoInstance.getByClassnameRelationType">
    select distinct o
      from OoInstances o, OoInstancesRelationships oir, OoInstances parent
     where o.classguid.classname = :classname
       and o.classguid.classstatus = 'Active'
       and o.instancestatus = 'Active'
       and o.deletedatetime is null
       and oir.childinstanceguid.instanceguid = o.instanceguid
       and oir.relationshiptype = :relationType
       and parent.instanceguid = oir.parentinstanceguid.instanceguid
       and parent.instancealternatekey in ('WD','CT','ES')
     order by lower(o.instancename)
  </entry>

  <entry key="OoInstance.getMesureType">
     select oounit
       from OoInstances oo, OoInstancesRelationships oir, OoInstances oounit
      where oo.instancename = :dimension
        and oo.instanceguid = oir.parentinstanceguid
        and oir.childinstanceguid = oounit.instanceguid
        and oo.instancestatus = 'Active'
        and oounit.instancestatus = 'Active'
        and oounit.deletedatetime is null
      order by lower(oounit.instancename)
  </entry>  
  
  <entry key="OoClasses.getByParentName">
    select oc
      from OoClasses oc
     where oc.parentclassguid.classname = :parentName
       and oc.classstatus = 'Active'
       and oc.parentclassguid.classstatus = 'Active'
    order by lower(oc.parentclassguid.classalternatekey)
  </entry>

  <entry key="OoClasses.getByClassName">
    select oc
      from OoClasses oc
     where oc.classname = :className    
  </entry>

  <entry key="Diluent.getAll">
    select d
      from Diluent d
     where d.langId = (select max(d2.langId)
                         from Diluent d2
                        where d.diluentId = d2.diluentId
                          and d2.langId in (1, :langId))
  </entry>

  <entry key="Diluent.getById">
    select d
      from Diluent d
     where d.langId = (select max(d2.langId)
                         from Diluent d2
                        where d.diluentId = d2.diluentId
                          and d2.langId in (1, :langId))
       and d.diluentId = :diluentId
  </entry>

  <entry key="competitorProductId.getNextVal">
    select crossreferenceapp.competitor_product_seq.nextval
      from dual
  </entry>

  <entry key="ooInstance.getTranslation">
    select to_char(obm.membervalue)
      from intldb.oo_babel_members obm, intldb.oo_instances lang, intldb.oo_classes_members ocm
     where obm.instanceguid = :instanceguid
       and obm.languageguid = lang.instanceguid
       and lang.instancealternatekey = :langCode
       and obm.classmemberguid = ocm.memberguid
       and ocm.membername = :memberName
  </entry>

  <entry key="ooInstance.getTranslationCountryCode">
    select to_char(obm.membervalue)
      from intldb.oo_babel_members obm, intldb.oo_instances lang, intldb.oo_classes_members ocm, intldb.oo_instances country
     where obm.instanceguid = :instanceguid
       and obm.languageguid = lang.instanceguid
       and lang.instancealternatekey = :langCode
       and obm.classmemberguid = ocm.memberguid
       and ocm.membername = :memberName
       and obm.filterinstanceguid = country.instanceguid
       and country.instancealternatekey = :countryCode
  </entry>

  <entry key="competitorHazard.getByHazardType">
    select ch
      from CompetitorHazard ch, OoClasses oc, OoClasses ochild
     where ch.competitorHazardPK.competitorId = :competitorId
       and ch.competitorHazardPK.brandId = :brandId
       and ch.competitorHazardPK.productId = :productId
       and ch.competitorHazardPK.countryId = :countryId
       and oc.classname = :parentClassName
       and ochild.parentclassguid = oc.classguid
       and oc.classstatus = 'Active'
       and ochild.classname = ch.competitorHazardPK.classname
       and ochild.classstatus = 'Active'
  </entry>

  <entry key="competitorHazard.getHazard">
<!--    select ch.instanceguid as instancevalue, oo.instanceguid as instancelabel-->
    select intldb.commonpkg.getbabeltraduction(ch.instanceguid, :langCode, 'Name'), intldb.commonpkg.getbabeltraduction(oo.instanceguid, :langCode, 'Name')
      from crossreferenceapp.competitor_hazard ch, intldb.oo_instances oo, intldb.oo_classes oc
     where oo.instancealternatekey = ch.classname
       and oo.classguid = oc.classguid
       and oc.classname = :parentClassName
       and ch.brand_id = :brandId
       and ch.competitor_id = :competitorId
       and ch.product_id = :productId
       and ch.country_id = :countryId
       and oo.instancestatus = 'Active'
       and oc.classstatus = 'Active'
  </entry>

  <entry key="competitorHazard.getHazardList">
    select oc.classname, intldb.commonpkg.getbabeltraduction(ch.instanceguid, :langCode, 'Name'), intldb.commonpkg.getbabeltraduction(oo.instanceguid, :langCode, 'Name')
      from crossreferenceapp.competitor_hazard ch, intldb.oo_instances oo, intldb.oo_classes oc
     where oo.instancealternatekey = ch.classname
       and oo.classguid = oc.classguid
       and ch.brand_id = :brandId
       and ch.competitor_id = :competitorId
       and ch.product_id = :productId
       and ch.country_id = :countryId
       and oo.instancestatus = 'Active'
       and oc.classstatus = 'Active'
  </entry>

  <entry key="CompetitorMaterial.deleteByKey">
    delete CompetitorMaterial cm
     where cm.competitorMaterialPK.brandId = :brandId
       and cm.competitorMaterialPK.competitorId = :competitorId
       and cm.competitorMaterialPK.productId = :productId
       and cm.competitorMaterialPK.countryId = :countryId
  </entry>

  <entry key="CompetitorCertification.deleteByKey">
    delete CompetitorCertification cf
     where cf.competitorCertificationPK.brandId = :brandId
       and cf.competitorCertificationPK.competitorId = :competitorId
       and cf.competitorCertificationPK.productId = :productId
       and cf.competitorCertificationPK.countryId = :countryId
  </entry>

  <entry key="CompetitorApplication.deleteByKey">
    delete CompetitorApplication c
     where c.competitorApplicationPK.brandId = :brandId
       and c.competitorApplicationPK.competitorId = :competitorId
       and c.competitorApplicationPK.productId = :productId
       and c.competitorApplicationPK.countryId = :countryId
  </entry>

  <entry key="Action.getAll">
    select a
      from Action a
     where a.actionPK.langId = (select max(a2.actionPK.langId)
                                  from Action a2
                                 where a.actionPK.actionId = a2.actionPK.actionId
                                   and a2.actionPK.langId in (1, :langId))
  </entry>

  <entry key="Action.getById">
    select a
      from Action a
     where a.actionPK.langId = (select max(a2.actionPK.langId)
                                  from Action a2
                                 where a.actionPK.actionId = a2.actionPK.actionId
                                   and a2.actionPK.langId in (1, :langId))
      and a.actionPK.actionId = :actionId
  </entry>

  <entry key="Action.getByIdText">
    select a.text
      from crossreferenceapp.action a
     where a.lang_Id = (select max(a2.lang_Id)
                         from crossreferenceapp.action a2
                        where a.action_Id = a2.action_Id
                          and a2.lang_Id in (1, :langId))
      and a.action_Id = :actionId
  </entry>

  <entry key="Action.getNextId">
    select crossreferenceapp.action_seq.nextval
      from dual
  </entry>

  <entry key="WalterProduct.getProductNumber">
    select wp.productnumber
      from intldb.walter_products wp, intldb.walter_products_countries wpc, intldb.oo_instances country, intldb.oo_instances_relationships oir, intldb.oo_instances oo
     where wp.productguid = wpc.productguid
       and wp.productstatus = 'Active'
       and wpc.deletedatetime is null
       and wpc.topublish = 'Y'
       and wpc.deletedatetime is null
       and wp.producttype = 'Product'
       and wpc.countryguid = country.instanceguid
       and country.instancealternatekey = :countryCode
       and oir.parentinstanceguid = wpc.productguid
       and oir.filterinstanceguid = wpc.countryguid
       and oir.childinstanceguid = oo.instanceguid
       and oir.relationshiptype = 'AO'
       and oir.deletedatime is null
       and oir.relationshipstatus = 'Active'
       and oo.instancealternatekey in ('Bio-Circle','MRO - Solutions','Welding')
       and oo.instancestatus = 'Active'
     order by wp.productnumber
  </entry>

  <entry key="WalterProduct.getProductInformation">
    select wp.productnumber, wpc.productguid, wpc.productversionguid, wpc.listprice, wpc.tradenameguid,
           wpc.descriptionguid, wpc.longdescriptionguid, wpp.productupccode, oo.instanceguid
      from intldb.walter_products wp, intldb.walter_products_countries wpc, intldb.oo_instances country, intldb.oo_instances_relationships oir,
           intldb.oo_instances oo,intldb.walter_products_presentations wpp
     where wp.productguid = wpc.productguid
       and wp.productstatus = 'Active'
       and wpc.deletedatetime is null
       and wpc.topublish = 'Y'
       and wpc.deletedatetime is null
       and wp.producttype = 'Product'
       and wpc.countryguid = country.instanceguid
       and country.instancealternatekey = :countryCode
       and oir.parentinstanceguid = wpc.productguid
       and oir.filterinstanceguid = wpc.countryguid
       and oir.childinstanceguid = oo.instanceguid
       and oir.relationshiptype = 'AO'
       and oir.deletedatime is null
       and oir.relationshipstatus = 'Active'
       and oo.instancealternatekey in ('Bio-Circle','MRO - Solutions','Welding')
       and oo.instancename not in ('Your Accessories', 'Surfox Marking &amp;amp; Testing','Cleaning Systems', 'Surfox', 'Aerosol Refilling System')
       and oo.instancestatus = 'Active'
       and wpc.productpresentationguid = wpp.productpresentationguid
     order by wp.productnumber
  </entry>

  <entry key="WalterProduct.getSingleProductInformation">
    select wp.productnumber, wpc.productguid, wpc.productversionguid, wpc.listprice, wpc.tradenameguid,
           wpc.descriptionguid, wpc.longdescriptionguid, wpp.productupccode, oo.instanceguid
      from intldb.walter_products wp, intldb.walter_products_countries wpc, intldb.oo_instances country, intldb.oo_instances_relationships oir,
           intldb.oo_instances oo,intldb.walter_products_presentations wpp
     where wp.productguid = wpc.productguid
       and wp.productstatus = 'Active'
       and wpc.deletedatetime is null
       and wpc.topublish = 'Y'
       and wpc.deletedatetime is null
       and wp.producttype = 'Product'
       and wpc.countryguid = country.instanceguid
       and country.instancealternatekey = :countryCode
       and oir.parentinstanceguid = wpc.productguid
       and oir.filterinstanceguid = wpc.countryguid
       and oir.childinstanceguid = oo.instanceguid
       and oir.relationshiptype = 'AO'
       and oir.deletedatime is null
       and oir.relationshipstatus = 'Active'
       and oo.instancealternatekey in ('Bio-Circle','MRO - Solutions','Welding')
       and oo.instancename not in ('Your Accessories', 'Surfox Marking &amp;amp; Testing','Cleaning Systems', 'Surfox', 'Aerosol Refilling System')
       and oo.instancestatus = 'Active'
       and wpc.productpresentationguid = wpp.productpresentationguid
       and wp.productnumber = :productNumber
     order by wp.productnumber
  </entry>

  <entry key="WalterProduct.getProductInformationFromDate">
    select wp.productnumber, wpc.productguid, wpc.productversionguid, wpc.listprice, wpc.tradenameguid,
           wpc.descriptionguid, wpc.longdescriptionguid, wpp.productupccode, oo.instanceguid
      from intldb.walter_products wp, intldb.walter_products_countries wpc, intldb.oo_instances country, intldb.oo_instances_relationships oir,
           intldb.oo_instances oo, intldb.walter_products_presentations wpp
     where wp.productguid = wpc.productguid
       and wp.productstatus = 'Active'
       and wpc.topublish = 'Y'
       and wpc.deletedatetime is null
       and wp.producttype = 'Product'
       and wpc.countryguid = country.instanceguid
       and country.instancealternatekey = :countryCode
       and oir.parentinstanceguid = wpc.productguid
       and oir.filterinstanceguid = wpc.countryguid
       and oir.childinstanceguid = oo.instanceguid
       and oir.relationshiptype = 'AO'
       and oir.deletedatime is null
       and oir.relationshipstatus = 'Active'
       and oo.instancealternatekey in ('Bio-Circle','MRO - Solutions','Welding')
       and oo.instancename not in ('Your Accessories', 'Surfox Marking &amp;amp; Testing','Cleaning Systems', 'Surfox', 'Aerosol Refilling System')
       and oo.instancestatus = 'Active'
       and wpc.productpresentationguid = wpp.productpresentationguid
       and wp.productguid in (select wp2.productguid
                                from intldb.walter_products wp2, intldb.walter_products_countries wpc2, intldb.oo_instances country2,
                                     intldb.oo_instances_members_values omv, intldb.oo_instances_relationships oir2
                               where wp2.productguid = wpc2.productguid
                                 and wpc2.countryguid = country2.instanceguid
                                 and wpc2.productversionguid = omv.instanceguid
                                 and country2.instancealternatekey = :countryCode
                                 and oir2.parentinstanceguid = wpc2.productversionguid
                                 and ( wpc2.updatedatetime >= :lastUpdate or wp2.updatedatetime >= :lastUpdate or
                                       wpc2.adddatetime >= :lastUpdate or wp2.adddatetime >= :lastUpdate or
                                       omv.adddatetime >= :lastUpdate or omv.updatedatetime >= :lastUpdate or
                                       oir2.adddatetime>= :lastUpdate or oir2.updatedatetime >= :lastUpdate)
                              union
                              select wp2.productguid
                                from intldb.walter_products wp2, intldb.walter_products_countries wpc2, intldb.oo_instances country
                               where wp2.productguid = wpc2.productguid
                                 and wpc2.countryguid = country.instanceguid
                                 and country.instancealternatekey = :countryCode
                                 and wpc2.tradenameguid in (select obm.instanceguid
                                                              from intldb.oo_babel_members obm
                                                             where (obm.adddatetime >= :lastUpdate or
                                                                    obm.deletedatetime >= :lastUpdate or
                                                                    obm.updatedatetime >= :lastUpdate))
                              union
                              select wp2.productguid
                                from intldb.walter_products wp2, intldb.walter_products_countries wpc2, intldb.oo_instances country
                               where wp2.productguid = wpc2.productguid
                                 and wpc2.countryguid = country.instanceguid
                                 and country.instancealternatekey = :countryCode
                                 and wpc2.descriptionguid in (select obm.instanceguid
                                                                from intldb.oo_babel_members obm
                                                               where (obm.adddatetime >= :lastUpdate or
                                                                      obm.deletedatetime >= :lastUpdate or
                                                                      obm.updatedatetime >= :lastUpdate))
                              union
                              select wp2.productguid
                                from intldb.walter_products wp2, intldb.walter_products_countries wpc2, intldb.oo_instances country,
                                     intldb.walter_products_documents wpd, intldb.walter_files wf
                               where wp2.productguid = wpc2.productguid
                                 and wpc2.countryguid = country.instanceguid
                                 and country.instancealternatekey = :countryCode
                                 and wpd.productguid = wp2.productguid
                                 and wpd.productversionguid = wpc2.productversionguid
                                 and wpd.countryguid = wpc2.countryguid
                                 and wpd.productcountryguid = wpc2.productcountryguid
                                 and wpd.type in ('msds','TechnicalDataSheet')
                                 and wpd.fileguid =  wf.fileguid
                                 and wpd.urlguid = wf.urlguid
                                 and ( wpd.adddatetime >= :lastUpdate or
                                       wpd.updatedatetime >= :lastUpdate or
                                       wpd.deletedatetime >= :lastUpdate or
                                       wf.dateuploaded >= :lastUpdate )
                              union
                              select wp2.productguid
                                from intldb.walter_products wp2, intldb.walter_products_countries wpc2, intldb.oo_instances country, intldb.oo_instances_relationships oir
                               where wp2.productguid = wpc2.productguid
                                 and wpc2.countryguid = country.instanceguid
                                 and country.instancealternatekey = :countryCode
                                 and wpc2.productguid = oir.parentinstanceguid
                                 and (oir.adddatetime >= :lastUpdate or
                                      oir.deletedatime >= :lastUpdate or
                                      oir.updatedatetime >= :lastUpdate )
                              union
                              select wp2.productguid
                                from intldb.walter_products wp2, intldb.walter_products_countries wpc2, intldb.oo_instances country, intldb.oo_instances_relationships oir
                               where wp2.productguid = wpc2.productguid
                                 and wpc2.countryguid = country.instanceguid
                                 and country.instancealternatekey = :countryCode
                                 and wpc2.productversionguid = oir.parentinstanceguid
                                 and (oir.adddatetime >= :lastUpdate or
                                      oir.deletedatime >= :lastUpdate or
                                      oir.updatedatetime >= :lastUpdate ))
    order by wp.productnumber

<!--    select wp.productnumber, wpc.productguid, wpc.productversionguid, wpc.listprice, wpc.tradenameguid,
           wpc.descriptionguid, wpc.longdescriptionguid, wpp.productupccode, oo.instanceguid
      from intldb.walter_products wp, intldb.walter_products_countries wpc, intldb.oo_instances country, intldb.oo_instances_relationships oir,
           intldb.oo_instances oo,intldb.walter_products_presentations wpp
     where wp.productguid = wpc.productguid
       and wp.productstatus = 'Active'
       and wpc.deletedatetime is null
       and wpc.topublish = 'Y'
       and wpc.deletedatetime is null
       and wp.producttype = 'Product'
       and wpc.countryguid = country.instanceguid
       and country.instancealternatekey = :countryCode
       and oir.parentinstanceguid = wpc.productguid
       and oir.filterinstanceguid = wpc.countryguid
       and oir.childinstanceguid = oo.instanceguid
       and oir.relationshiptype = 'AO'
       and oir.deletedatime is null
       and oir.relationshipstatus = 'Active'
       and oo.instancealternatekey in ('Bio-Circle','MRO - Solutions','Welding')
       and oo.instancename not in ('Your Accessories', 'Surfox Marking &amp;amp; Testing','Cleaning Systems', 'Surfox', 'Aerosol Refilling System')
       and oo.instancestatus = 'Active'
       and wpc.productpresentationguid = wpp.productpresentationguid
       and wp.productguid in (select wp2.productguid
                                from intldb.walter_products wp2, intldb.walter_products_countries wpc2, intldb.oo_instances country2,
                                     intldb.oo_instances_members_values omv, intldb.oo_instances_relationships oir2
                               where wp2.productguid = wpc2.productguid
                                 and wpc2.countryguid = country2.instanceguid
                                 and wpc2.productversionguid = omv.instanceguid
                                 and country2.instancealternatekey = :countryCode
                                 and oir2.parentinstanceguid = wpc2.productversionguid
                                 and ( wpc2.updatedatetime >= :lastUpdate or wp2.updatedatetime >= :lastUpdate or
                                       wpc2.adddatetime >= :lastUpdate or wp2.adddatetime >= :lastUpdate or
                                       omv.adddatetime >= :lastUpdate or omv.updatedatetime >= :lastUpdate or
                                       oir2.adddatetime>= :lastUpdate or oir2.updatedatetime >= :lastUpdate))
    order by wp.productnumber-->
  </entry>

  <entry key="WalterProduct.getProductDeletedFromDate">
    select wp.productnumber
      from intldb.walter_products wp, intldb.walter_products_countries wpc, intldb.oo_instances country
     where wp.productguid = wpc.productguid
       and wpc.deletedatetime is null
       and (wpc.topublish != 'Y' or wp.productstatus = 'Inactive' or wpc.deletedatetime is not null)
       and wp.producttype = 'Product'
       and wpc.countryguid = country.instanceguid
       and country.instancealternatekey = :countryCode
       and wp.productguid in (select wp2.productguid
                                from intldb.walter_products wp2, intldb.walter_products_countries wpc2, intldb.oo_instances country2
                               where wp2.productguid = wpc2.productguid
                                 and wpc2.countryguid = country2.instanceguid
                                 and country2.instancealternatekey = :countryCode
                                 and ( wp2.deletedatetime >= :lastUpdate or wp2.updatedatetime >= :lastUpdate or
                                       wpc2.deletedatetime >= :lastUpdate or wp2.adddatetime >= :lastUpdate))
    order by wp.productnumber
  </entry>

  <entry key="CompetitorWalterProduct.deleteByKey">
    delete CompetitorWalterProduct cwp
     where cwp.competitorWalterProductPK.brandId = :brandId
       and cwp.competitorWalterProductPK.competitorId = :competitorId
       and cwp.competitorWalterProductPK.productId = :productId
       and cwp.competitorWalterProductPK.countryId = :countryId
  </entry>
  
  <entry key="OoInstancesMembersValues.getValue">
    select omv.instancemembervalue
      from intldb.oo_instances_members_values omv, intldb.oo_classes_members ocm 
     where omv.instanceguid = :instanceguid
       and omv.intancememberguid = ocm.memberguid
       and ocm.membername = :memberName
       and omv.deletedatetime is null
       and ocm.deletedatetime is null
       and ocm.memberstatus = 'Active'
  </entry>

  <entry key="OoInstancesMembersValues.getDimension">
    select omv.instancemembervalue, omv.instancememberuomguid
      from intldb.Oo_Instances_Members_Values omv, intldb.Oo_Instances_Relationships oir, intldb.oo_classes_members ocm, intldb.oo_instances oomesure
     where omv.instanceguid = :instanceguid
       and omv.intancememberguid = ocm.memberguid
       and ocm.membername = :memberName
       and omv.instancememberuomguid = oir.childinstanceguid
       and oir.parentinstanceguid = oomesure.instanceguid
       and oomesure.instancename = :mesureType
       and omv.deletedatetime is null
       and oir.relationshipstatus = 'Active'
       and oir.deletedatime is null
       and ocm.classguid = :franchiseGuid
  </entry>

  <entry key="OoInstancesMembersValues.getUniversal">
    select omv.instancemembervalue, omv.instancememberuomguid
      from intldb.Oo_Instances_Members_Values omv, intldb.oo_classes_members ocm 
     where omv.instanceguid = :instanceguid
       and omv.intancememberguid = ocm.memberguid
       and ocm.membername = :memberName
       and omv.deletedatetime is null
       and ocm.classguid = :franchiseGuid
       and omv.deletedatetime is null
       and ocm.deletedatetime is null
       and ocm.memberstatus = 'Active'
  </entry>

  <entry key="WalterProductDocument.getDocumentPath">
    select lower(wu.url || country.instancename||'/'||lang.instancealternatekey || '/') || wf.filename || '.pdf', wf.filename
      from intldb.walter_products wp, intldb.walter_products_countries wpc, intldb.oo_instances country, intldb.walter_products_documents wpd,
           intldb.oo_instances ooFile, intldb.walter_url wu, intldb.walter_files wf, intldb.oo_instances lang, intldb.oo_instances oo
     where wp.productguid = wpc.productguid
       and wpc.countryguid = country.instanceguid
       and country.instancealternatekey = :countryCode
       and wpc.productversionguid = :productVersionGuid
       and wpc.productcountryguid = wpd.productcountryguid
       and wpd.countryguid = wpc.countryguid
       and wpd.productguid = wp.productguid
       and wpc.presentationguid = wpd.presentationguid
       and wpc.productversionguid = wpd.productversionguid
       and wpd.productdocumentguid = ooFile.instanceguid
       and wu.countryguid = country.instanceguid
       and wu.urlguid = wpd.urlguid
       and wu.urlguid = wf.urlguid
       and wf.fileguid = wpd.fileguid
       and wpd.languageguid = wu.languageguid
       and wpd.languageguid = lang.instanceguid
       and ooFile.deletedatetime is null
       and ooFile.instancestatus = 'Active'
       and wpd.deletedatetime is null
       and wpd.type = :documentType
       and lang.instancealternatekey = :langCode
       and wf.fileguid = oo.instanceguid
       and oo.instancestatus = 'Active'
       and oo.deletedatetime is null 
  </entry>

  <entry key="OoInstancesRelationships.getRelation">
    select oo.instanceguid
      from intldb.walter_products wp, intldb.walter_products_countries wpc, intldb.oo_instances country,
           intldb.oo_instances_relationships oir, intldb.oo_instances oo
     where wp.productguid = wpc.productguid
       and country.instanceguid = wpc.countryguid
       and country.instancealternatekey = :countryCode
       and wp.productnumber = :productNumber
       and wpc.productversionguid = oir.parentinstanceguid
       and oir.relationshiptype = :relationType
       and oir.childinstanceguid = oo.instanceguid
       and oir.deletedatime is null
       and oir.relationshipstatus = 'Active'
       and oo.instancestatus = 'Active'
       and oo.deletedatetime is null    
  </entry>

  <entry key="OoInstancesRelationships.getFilterRelation">
    select oo.instanceguid
      from intldb.walter_products wp, intldb.walter_products_countries wpc, intldb.oo_instances country, 
           intldb.oo_instances_relationships oir, intldb.oo_instances oo, intldb.oo_classes oc
     where wp.productguid = wpc.productguid
       and country.instanceguid = wpc.countryguid
       and country.instancealternatekey = :countryCode
       and wp.productnumber = :productNumber
       and wpc.productversionguid = oir.parentinstanceguid
       and oir.relationshiptype = 'FS'
       and oir.childinstanceguid = oo.instanceguid
       and oir.deletedatime is null
       and oir.relationshipstatus = 'Active'
       and oo.instancestatus = 'Active'
       and oo.deletedatetime is null
       and oir.filterinstanceguid = wpc.countryguid
       and oo.classguid = oc.classguid
       and oc.classname = :filterName
  </entry>
  
  <entry key="OoInstancesRelationships.getWalterCertificationlogo">
    select omv.instancemembervalue
      from intldb.walter_products wp, intldb.walter_products_countries wpc, intldb.oo_instances country,
           intldb.oo_instances_relationships oir, intldb.oo_instances oo, intldb.oo_classes oc,
           intldb.oo_instances_members_values omv, intldb.oo_classes_members ocm
     where wp.productguid = wpc.productguid
       and country.instanceguid = wpc.countryguid
       and country.instancealternatekey = :countryCode
       and wp.productnumber = :productNumber
       and wpc.productversionguid = oir.parentinstanceguid
       and oir.relationshiptype = 'FS'
       and oir.childinstanceguid = oo.instanceguid
       and oir.deletedatime is null
       and oir.relationshipstatus = 'Active'
       and oo.instancestatus = 'Active'
       and oo.deletedatetime is null
       and oir.filterinstanceguid = wpc.countryguid
       and oo.classguid = oc.classguid
       and oc.classname = 'SearchFilterCertification'
       and oo.instanceguid = omv.instanceguid
       and omv.intancememberguid = ocm.memberguid
       and ocm.membername = 'ImageName'
       and omv.deletedatetime is null
       and ocm.deletedatetime is null
       and ocm.memberstatus = 'Active'
  </entry>

  <entry key="OoInstancesRelationships.getHazard">
    select oc.classname, oo.instanceguid
      from intldb.walter_products wp, intldb.walter_products_countries wpc, intldb.oo_instances country,
           intldb.oo_instances_relationships oir, intldb.oo_instances oo, intldb.oo_classes oc, intldb.oo_classes ocParent
     where wp.productguid = wpc.productguid
       and country.instanceguid = wpc.countryguid
       and country.instancealternatekey = :countryCode
       and wp.productnumber = :productNumber
       and wpc.productversionguid = oir.parentinstanceguid
       and oir.relationshiptype = 'HA'
       and oir.childinstanceguid = oo.instanceguid
       and oir.deletedatime is null
       and oir.relationshipstatus = 'Active'
       and oo.instancestatus = 'Active'
       and oo.deletedatetime is null
       and oo.classguid = oc.classguid
       and oc.parentclassguid = ocParent.classguid
       and ocParent.classname = :hazardType
  </entry>

  <entry key="OoInstances.getByClassnameInstancealternatekey">
    select oo.instanceguid
      from OoInstances oo
     where oo.instancealternatekey = :instancealternatekey
      and oo.classguid.classname = :classname
      and oo.classguid.classstatus = 'Active'
  </entry>

  <entry key="OoInstances.getByinstanceguid">
    select oo.instanceguid, oo.instancealternatekey, oo.instancename, oo.classguid
      from intldb.Oo_Instances oo
    where oo.instanceguid = :instanceguid
  </entry>

  <entry key="product.image">
    select wpi.defaultimage, wf.fileguid, wf.filename, wc.companyname, country.instancename, oofran.instancealternatekey, wu.url
      from intldb.walter_products_images wpi, intldb.walter_products_countries wpc, intldb.oo_instances ooimage,
           intldb.walter_files wf, intldb.oo_instances oowf, intldb.walter_url wu, intldb.walter_companies wc, intldb.oo_instances country, intldb.oo_instances oofran
     where wpi.productcountryguid = wpc.productcountryguid
       and wpc.productversionguid = :productVersionGuid
       and country.instancealternatekey = :countryCode
       and ooimage.instanceguid = wpi.productimageguid
       and ooimage.instancestatus = 'Active'
       and wpi.fileguid = wf.fileguid
       and wpi.fileguid = oowf.instanceguid
       and oowf.instancestatus = 'Active'
       and oowf.deletedatetime is null
       and wf.urlguid = wu.urlguid
       and wu.deletedatetime is null
       and wpi.deletedatetime is null
       and wpi.defaultimage = 'Y'
       and wu.document_type = :documentType
       and wu.companyguid = wc.companyguid
       and wu.countryguid = country.instanceguid
       and wu.productlineguid = oofran.instanceguid
     order by wpi.orderby
  </entry>

  <entry key="product.image.child">
    select wf.filename, wu.url, wu.document_type
      from intldb.walter_files wf, intldb.walter_url wu
     where wf.parentfileguid = :parentFileGuid
       and wf.urlguid = wu.urlguid
  </entry>

  <entry key="competitor_counter.checkExist">
    select cc
      from CompetitorCounter cc
     where cc.competitorCounterPK.competitorId = :competitorId
       and cc.competitorCounterPK.brandId = :brandId
       and cc.competitorCounterPK.productId = :productId
       and cc.competitorCounterPK.countryId = :countryId
       and cc.competitorCounterPK.username = :userName
  </entry>

  <entry key="country.getByCountryCode">
    select c
      from Country c
     where c.countryCode = :countryCode
  </entry>

  <entry key="walterProduct.getTradenameGuid">
    select intldb.commonpkg.getbabeltraduction(wpc.tradenameguid, :langCode, 'Tradenametext')
      from intldb.walter_products wp, intldb.walter_products_countries wpc, intldb.oo_instances country
     where wp.productguid = wpc.productguid
       and wpc.countryguid = country.instanceguid
       and country.instancealternatekey = :countryCode
       and wp.productnumber= :productnumber
  </entry>

  <entry key="competitor_product.getPrimaryKey">
    select cb.competitor_id, cb.brand_id, cb.name as brandName, c.name as competitorName
      from crossreferenceapp.competitor_product cp, crossreferenceapp.competitor_brand cb, crossreferenceapp.competitor c
     where cp.product_id = :productId
       and cb.brand_id = cp.brand_id
       and cb.competitor_id = cp.competitor_id
       and cp.country_id = :countryId
       and c.competitor_id = cb.competitor_id
  </entry>

  <entry key="compettior.getAllInformation">
    select c, cb, cp
      from Competitor c, CompetitorBrand cb, CompetitorProduct cp, Country country
     where c.competitorId = cb.competitorBrandPK.competitorId
       and cb.competitorBrandPK.competitorId = cp.competitorProductPK.competitorId
       and cb.competitorBrandPK.brandId = cp.competitorProductPK.brandId
       and cp.competitorProductPK.countryId = country.countryId
       and country.countryCode = :countryCode
     order by cp.competitorProductPK.competitorId, cp.competitorProductPK.brandId,  cp.competitorProductPK.productId
  </entry>

  <entry key="compettior.getAllInformationByDate">
    select c, cb, cp
      from Competitor c, CompetitorBrand cb, CompetitorProduct cp, Country country
     where c.competitorId = cb.competitorBrandPK.competitorId
       and cb.competitorBrandPK.competitorId = cp.competitorProductPK.competitorId
       and cb.competitorBrandPK.brandId = cp.competitorProductPK.brandId
       and cp.competitorProductPK.countryId = country.countryId
       and country.countryCode = :countryCode
       and (( cp.updatedDate >= :updateDate or cp.createdDate >= :updateDate )
            or cp.competitorProductPK.productId in (select cwp.competitorWalterProductPK.productId
                                                      from CompetitorWalterProduct cwp
                                                     where cwp.competitorWalterProductPK.productNumber in ( select wp.productnumber
                                                                                                              from WalterProducts wp, WalterProductsCountries wpc, OoInstancesMembersValues omv
                                                                                                             where wp.productguid = wpc.productguid
                                                                                                               and wpc.countryguid.instancealternatekey = :countryCode
                                                                                                               and wpc.productversionguid.productversionguid = omv.instanceguid.instanceguid
                                                                                                               and ( wp.adddatetime >= :updateDate or
                                                                                                                     wp.updatedatetime >= :updateDate or
                                                                                                                     wp.deletedatetime >= :updateDate or
                                                                                                                     wpc.adddatetime >= :updateDate or
                                                                                                                     wpc.updatedatetime >= :updateDate or
                                                                                                                     wpc.deletedatetime>= :updateDate or
                                                                                                                     omv.adddatetime >= :updateDate or
                                                                                                                     omv.updatedatetime >= :updateDate or
                                                                                                                     omv.deletedatetime >= :updateDate ) )))
     order by cp.competitorProductPK.competitorId, cp.competitorProductPK.brandId,  cp.competitorProductPK.productId
  </entry>

  <entry key="getTranslation">
    select intldb.commonpkg.getbabeltraduction(:instanceguid, :langCode, :memberName) as translation
      from dual
  </entry>

  <entry key="CompetitorProduct.searchByKeyword">
    select cp, cb, c, country
      from Competitor c, CompetitorBrand cb, CompetitorProduct cp, Country country
     where c.competitorId = cb.competitorBrandPK.competitorId
       and cb.competitorBrandPK.competitorId = cp.competitorProductPK.competitorId
       and cb.competitorBrandPK.brandId = cp.competitorProductPK.brandId
       and cp.competitorProductPK.countryId = country.countryId
       and ( lower(c.name) like :keyword or
             lower(cb.name) like :keyword or
             lower(cp.productNumber) like :keyword or
             lower(cp.upc) like :keyword)
  </entry>

</properties>
