<?xml version="1.0" encoding="UTF-8"?>
<!DOCTYPE properties SYSTEM "http://java.sun.com/dtd/properties.dtd">
<properties>
 <comment>Distributor Locator related queries.</comment>
 
	<entry key="distributor.seach">
    select dl
      from DistributorLocator dl
     where (lower(dl.custNum) like :keyword or
            lower(dl.facilityName) like :keyword or
            lower(dl.address) like :keyword or
            lower(dl.city) like :keyword or
            lower(dl.postalCode) like :keyword or
            lower(dl.email) like :keyword or
            lower(dl.phone) like :keyword )
       and dl.country like :country
	</entry> 
 
 	<entry key="DistributorLocatorConfig.all">
    select dlf
      from DistributorLocatorConfig dlf
     where dlf.cancelBy is null
       and dlf.cancelDate is null
	</entry> 

 	<entry key="DistributorLocatorConfig.nextId">
    select nvl(max(dlf.id), 0) +1
      from DistributorLocatorConfig dlf
	</entry> 
 
  <entry key="DistributorPromoConfig.all">
    select d
      from DistributorPromoConfig d
     where d.cancelDate is null
  </entry>

  <entry key="DistributorPromoConfig.getPromoCode">
    select d.promoCode
      from DistributorPromo d
     where d.startDate &gt;= sysdate - 365
       and d.country = :country
    order by lower(d.promoCode)
  </entry>

  <entry key="distributorPromo.getListSaGroup">
    select dl2
      from DistributorLocator dl2
     where dl2.saGroup in :saGR
       and dl2.country = :country
  </entry>

  <entry key="distributorPromo.getList">
    select dl
      from DistributorPromo dp, DistributorLocator dl
     where lower(dp.promoCode) like :promoCode
       and dp.country = :country
       and dp.custNum = dl.custNum
  </entry>

  <entry key="distributorPromo.getList2">
    select dl
      from DistributorLocator dl
     where dl.saGroup in (select distinct dl2.saGroup
                             from DistributorLocator dl2, DistributorPromo dp
                            where lower(dp.promoCode) like :promoCode
                              and dp.country = :country
                              and dp.custNum = dl2.custNum
                              and dl2.saGroup in ( select dls.saGroup from DistributorLocatorSaGroup dls ))
    order by dl.custNum, dl.shipNum
  </entry>



  <entry key="DistributorPromoConfig.getActiveExport">
    select dpc
      from DistributorPromoConfig dpc
     where dpc.startDate &lt;= sysdate
       and dpc.endDate &gt;= sysdate
       and dpc.cancelDate is null       
  </entry>

  <entry key="DistributorLocator.deleteEntry">
    delete walter.distributor_locator dl
     where dl.uuid = :uuid
  </entry>

</properties>