<?xml version="1.0" encoding="UTF-8"?>
<!DOCTYPE properties SYSTEM "http://java.sun.com/dtd/properties.dtd">
<properties>
 <comment>Expense reports related queries.</comment>
	<entry key="expensereport.myExpense.unsubmitted">
		select e
		  from ExpenseRpt e
	   where e.cancelDate is null
	     and e.submitDate is null
	     and e.creatorUserName = :userName
	</entry>

	<entry key="expensereport.myExpense.submitted">
		select e
		  from ExpenseRpt e
     where e.cancelDate is null
       and e.submitDate is not null
       and e.mgrValidationDate is null
       and e.creatorUserName = :userName
	</entry>

	<entry key="expensereport.myExpense.approved">
		select e
		  from ExpenseRpt e
     where e.cancelDate is null
       and e.submitDate is not null
       and e.mgrValidationDate is not null
       and e.validationDate is null
       and e.creatorUserName = :userName
	</entry>

  <entry key="expensereport.myExpense.validated">
		select e
		  from ExpenseRpt e
     where e.cancelDate is null
       and e.submitDate is not null
       and e.mgrValidationDate is not null
       and e.validationDate is not null
       and e.creatorUserName = :userName
	</entry>

  <entry key="expensereport.Management.validated">
		select e
		  from ExpenseRpt e
     where e.cancelDate is null
       and e.submitDate is not null
       and e.mgrValidationDate is not null
       and e.validationDate is not null
       and (e.validationDate &gt;= (sysdate-180) or :expenseRptId = :expenseRptId)
       and e.countryId = :countryId
       and e.expenseRptId like '%'||:expenseRptId||'%'
	</entry>

	<entry key="expensereport.Management.submited">
		select e
		  from ExpenseRpt e
     where e.cancelDate is null
       and e.submitDate is not null
       and e.mgrValidationDate is null
       and e.validationDate is null
       and e.countryId = :countryId
       and e.expenseRptId like '%'||:expenseRptId||'%'
	</entry>

  <entry key="expensereport.Management.approved">
		select e
		  from ExpenseRpt e
     where e.cancelDate is null
       and e.submitDate is not null
       and e.mgrValidationDate is not null
       and e.validationDate is null
       and e.countryId = :countryId
       and e.expenseRptId like '%'||:expenseRptId||'%'
<!--       and e.expenseRptId in (select erd.expenseRptDPK.expenseRptId
                                from ExpenseRptD erd  
                               where e.expenseRptId = erd.expenseRptDPK.expenseRptId
                                 and erd.mgrOperation &lt; 3
                                 and erd.apOperation &lt; 3 )-->
	</entry>

  <entry key="expensereport.Management.treeExpenseList">
    select erd.expenseId, sum(nvl(erd.tax1Amt,0)), sum(nvl(erd.tax2Amt,0)), sum(nvl(erd.tax3Amt,0)), sum(nvl(erd.tipAmt,0)), sum(nvl(erd.amtPaid,0))
      from ExpenseRptD erd
     where erd.expenseRptDPK.expenseRptId = :expenseRptId
       and erd.mgrOperation &lt; 3
       and erd.apOperation &lt; 3
       group by erd.expenseId
  </entry>

  <entry key="expensereport.amtPaid">
		select nvl(sum(erd.amtPaid ),0)
		  from ExpenseRptD erd
		 where erd.expenseRptDPK.expenseRptId = :expenseRptId
		   and erd.mgrOperation != 3
		   and erd.apOperation != 3
	</entry>

	<entry key="expensereport.expenseTypeList">
		select et
		  from Expense e, ExpenseTxt et
		 where e.expenseId = et.expenseTxtPK.expenseId
		   and et.expenseTxtPK.langId = (select max(et2.expenseTxtPK.langId)
                                       from ExpenseTxt et2
                                      where et.expenseTxtPK.expenseId = et2.expenseTxtPK.expenseId
                                        and et2.expenseTxtPK.langId in (1, :langId ))
		   and e.countryId = :countryId
		 order by et.expenseDesc
	</entry>

	<entry key="expensereport.expenseType">
		select et
		  from Expense e, ExpenseTxt et
		 where e.expenseId = et.expenseTxtPK.expenseId
       and e.expenseId = :expenseId
		   and et.expenseTxtPK.langId = (select max(et2.expenseTxtPK.langId)
                                       from ExpenseTxt et2
                                      where et.expenseTxtPK.expenseId = et2.expenseTxtPK.expenseId
                                         and et2.expenseTxtPK.langId in (1, :langId ))
		   and e.countryId = :countryId
		 order by et.expenseDesc
	</entry>  
    	
	<entry key="expensereport.userHotelAllowence">
    select c
      from CountryRegion c
     where c.countryRegionPK.countryId = :countryId
       and c.countryRegionPK.regionCode = :regionCode
  </entry>

	<entry key="expensereport.userStateList">
		select cst
		  from CountryStateTxt cst
		 where cst.countryStateTxtPK.countryId = :countryId
		   and cst.countryStateTxtPK.langId in (select max(cst2.countryStateTxtPK.langId)
                                              from CountryStateTxt cst2
                                             where cst2.countryStateTxtPK.countryId = cst.countryStateTxtPK.countryId
                                               and cst2.countryStateTxtPK.stateCode = cst.countryStateTxtPK.stateCode
                                               and cst2.countryStateTxtPK.langId in (1, :langId ))
		 order by cst.stateDesc
  </entry>

	<entry key="expensereport.userState">
		select cst
		  from CountryStateTxt cst
		 where cst.countryStateTxtPK.countryId = :countryId
       and cst.countryStateTxtPK.stateCode = :stateCode
		   and cst.countryStateTxtPK.langId in (select max(cst2.countryStateTxtPK.langId)
                                              from CountryStateTxt cst2
                                             where cst2.countryStateTxtPK.countryId = cst.countryStateTxtPK.countryId
                                               and cst2.countryStateTxtPK.stateCode = cst.countryStateTxtPK.stateCode
                                               and cst2.countryStateTxtPK.langId in (1, :langId ))
		 order by cst.stateDesc
  </entry>

	<entry key="expensereport.LastExpenseRptD">
    select erd
      from ExpenseRptD erd
     where erd.expenseRptDPK.expenseRptId = :expenseRptId
       and erd.expenseRptDPK.lineNum = (select max(erd2.expenseRptDPK.lineNum) 
                                          from ExpenseRptD erd2
                                         where erd2.expenseRptDPK.expenseRptId = erd.expenseRptDPK.expenseRptId
                                           and erd2.mgrOperation &lt; 3
                                           and erd2.apOperation &lt; 3)
  </entry>

  <entry key="expensereport.ExpenseRptD">
    select erd
      from ExpenseRptD erd
     where erd.expenseRptDPK.expenseRptId = :expenseRptId 
       and erd.expenseRptDPK.lineNum = :lineNum
  </entry>

	<entry key="expensereport.ExpenseRptDList">
    select erd
      from ExpenseRptD erd
     where erd.expenseRptDPK.expenseRptId = :expenseRptId
       and erd.mgrOperation != 3
       and erd.apOperation != 3
  </entry>

	<entry key="expensereport.Management.ExpenseRptDList">
    select erd
      from ExpenseRptD erd
     where erd.expenseRptDPK.expenseRptId = :expenseRptId
       and erd.expenseId = :expenseId
       and erd.mgrOperation != 3
       and erd.apOperation != 3
  </entry>  
      
	<entry key="expensereport.ExpenseRptDDeletedList">
    select erd
      from ExpenseRptD erd
     where erd.expenseRptDPK.expenseRptId = :expenseRptId
       and (erd.mgrOperation = 3
            or erd.apOperation = 3)
  </entry>  

	<entry key="expensereport.ExpenseRptD.newLineNumber">
    select nvl(max(erd.expenseRptDPK.lineNum),0)+1
      from ExpenseRptD erd
     where erd.expenseRptDPK.expenseRptId = :expenseRptId 
  </entry>

  <entry key="expensereport.taxAmount">
    select 'TAX1',  ct.tax_Code, ct.tax_Rate, ct.tax_cal_mode, ct.rebate_rates
      from waltercb.Country_State cs, waltercb.Country_Tax ct
     where cs.country_Id = :countryId
       and cs.state_Code = :stateCode
       and ct.country_Id = cs.country_Id 
       and ct.tax_Code = cs.tax_Code_1               
       and ct.start_Date = (select max(ct2.start_date)
                              from waltercb.Country_Tax ct2
                             where ct.country_Id = ct2.country_Id
                               and ct.tax_Code = ct2.tax_Code
                               and ct2.start_Date &lt;= :expenseDate)
     union
    select 'TAX2',  ct.tax_Code, ct.tax_Rate, ct.tax_cal_mode, ct.rebate_rates
      from waltercb.Country_State cs, waltercb.Country_Tax ct
     where cs.country_Id = :countryId
       and cs.state_Code = :stateCode
       and ct.country_Id = cs.country_Id 
       and ct.tax_Code = cs.tax_Code_2
       and ct.start_Date = (select max(ct2.start_date)
                              from waltercb.Country_Tax ct2
                             where ct.country_Id = ct2.country_Id
                               and ct.tax_Code = ct2.tax_Code
                               and ct2.start_Date &lt;= :expenseDate)
     union
    select 'TAX3',  ct.tax_Code, ct.tax_Rate, ct.tax_cal_mode, ct.rebate_rates
      from waltercb.Country_State cs, waltercb.Country_Tax ct
     where cs.country_Id = :countryId
       and cs.state_Code = :stateCode
       and ct.country_Id = cs.country_Id 
       and ct.tax_Code = cs.tax_Code_3
       and ct.start_Date = (select max(ct2.start_date)
                              from waltercb.Country_Tax ct2
                             where ct.country_Id = ct2.country_Id
                               and ct.tax_Code = ct2.tax_Code
                               and ct2.start_Date &lt;= :expenseDate)
     order by 1
  </entry>

  <entry key="expensereport.Management.glCodeTotal">
    select '1', sum( nvl(erd.amt_Paid,0) - nvl(erd.tax1_Amt,0) - nvl(erd.tax2_Amt,0) - nvl(erd.tax3_Amt,0)), e.gl_Code
      from walter.Expense_Rpt_D erd, walter.Expense e
     where erd.expense_Rpt_Id = :expenseRptId
       and e.expense_Id = erd.expense_Id
       and erd.other_Gl_Code is null
       and erd.mgr_Operation &lt; 3
       and erd.ap_Operation &lt; 3
       <!--and erd.tax1_Amt &gt; 0-->
     group by e.gl_Code
    union
    select '2', sum( nvl(erd.amt_Paid,0) - nvl(erd.tax1_Amt,0) - nvl(erd.tax2_Amt,0) - nvl(erd.tax3_Amt,0)), erd.other_Gl_Code
      from walter.Expense_Rpt_D erd, walter.Expense e
     where erd.expense_Rpt_Id = :expenseRptId
       and e.expense_Id = erd.expense_Id
       and erd.other_Gl_Code is not null
       and erd.mgr_Operation &lt; 3
       and erd.ap_Operation &lt; 3
       <!--and erd.tax2_Amt &gt; 0-->
     group by erd.other_Gl_Code
     order by 1, 3
  </entry>

  <entry key="expensereport.Management.glCodeTaxTotal">
    select sum(erd.tax1_amt), ct.gl_code, ctt.tax_code
      from walter.expense_rpt_d erd, waltercb.country_state cs, waltercb.country_tax ct, waltercb.country_tax_txt ctt
     where erd.expense_rpt_id = :expenseRptId
       and erd.country_id = cs.country_id
       and erd.state_code = cs.state_code
       and erd.country_id = ct.country_id
       and cs.tax_code_1 = ct.tax_code
       and erd.country_id = ctt.country_id
       and ct.tax_code = ctt.tax_code
       and erd.tax1_amt != 0
       and erd.mgr_operation &lt; 3
       and erd.ap_operation &lt; 3
       <!--and erd.tax1_amt &gt; 0-->
       and ctt.lang_id = (select max(ctt2.lang_id)
                            from waltercb.country_tax_txt ctt2
                           where ctt.country_id = ctt2.country_id
                             and ctt.tax_code = ctt2.tax_code
                             and ctt2.lang_id in (1, :langId))
       and ct.start_date = (select max(ct2.start_date)
                              from waltercb.country_tax ct2
                             where ct.country_id = ct2.country_id(+)
                               and ct.tax_code = ct2.tax_code(+)
                               and ct2.start_date(+) &lt;= erd.expense_date)
    group by ct.gl_code, ctt.tax_code
     union
    select sum(erd.tax2_amt), ct.gl_code, ctt.tax_code
      from walter.expense_rpt_d erd, waltercb.country_state cs, waltercb.country_tax ct, waltercb.country_tax_txt ctt
     where erd.expense_rpt_id = :expenseRptId
       and erd.country_id = cs.country_id
       and erd.state_code = cs.state_code
       and erd.country_id = ct.country_id
       and cs.tax_code_2 = ct.tax_code
       and erd.country_id = ctt.country_id
       and ct.tax_code = ctt.tax_code
       and erd.tax2_amt != 0
       and erd.mgr_operation &lt; 3
       and erd.ap_operation &lt; 3
       <!--and erd.tax2_amt &gt; 0-->
       and ctt.lang_id = (select max(ctt2.lang_id)
                            from waltercb.country_tax_txt ctt2
                           where ctt.country_id = ctt2.country_id
                             and ctt.tax_code = ctt2.tax_code
                             and ctt2.lang_id in (1, :langId))
       and ct.start_date = (select max(ct2.start_date)
                              from waltercb.country_tax ct2
                             where ct.country_id = ct2.country_id(+)
                               and ct.tax_code = ct2.tax_code(+)
                               and ct2.start_date(+) &lt;= erd.expense_date)
    group by ct.gl_code, ctt.tax_code
     union
    select sum(erd.tax3_amt), ct.gl_code, ctt.tax_code
      from walter.expense_rpt_d erd, waltercb.country_state cs, waltercb.country_tax ct, waltercb.country_tax_txt ctt
     where erd.expense_rpt_id = :expenseRptId
       and erd.country_id = cs.country_id
       and erd.state_code = cs.state_code
       and erd.country_id = ct.country_id
       and cs.tax_code_3 = ct.tax_code
       and erd.country_id = ctt.country_id
       and ct.tax_code = ctt.tax_code
       and erd.tax3_amt != 0
       and erd.mgr_operation &lt; 3
       and erd.ap_operation &lt; 3
       <!--and erd.tax3_amt &gt; 0-->
       and ctt.lang_id = (select max(ctt2.lang_id)
                            from waltercb.country_tax_txt ctt2
                           where ctt.country_id = ctt2.country_id
                             and ctt.tax_code = ctt2.tax_code
                             and ctt2.lang_id in (1, :langId))
       and ct.start_date = (select max(ct2.start_date)
                              from waltercb.country_tax ct2
                             where ct.country_id = ct2.country_id(+)
                               and ct.tax_code = ct2.tax_code(+)
                               and ct2.start_date(+) &lt;= erd.expense_date)
    group by ct.gl_code, ctt.tax_code
    order by 2
  </entry>

  <entry key="expensereport.Management.nbrNightHotelPerDiemBonus">
    select erd
      from ExpenseRptD erd, Expense e
     where erd.expenseId = e.expenseId
       and e.countryId = :countryId
       and e.nbrNights = 'Y'
       and e.rolesAccess is null
       and erd.expenseRptDPK.expenseRptId = :expenseRptId
       and erd.mgrOperation &lt; 3
       and erd.apOperation &lt; 3    
     order by erd.hotelFromDate
  </entry>

  <entry key="expensereport.Management.careService.nbrNightHotelPerDiemBonus">
    select erd
      from ExpenseRptD erd, Expense e
     where erd.expenseId = e.expenseId
       and e.countryId = :countryId
       and e.nbrNights = 'Y'
       and e.rolesAccess = 'Care Service Technician'
       and erd.expenseRptDPK.expenseRptId = :expenseRptId
       and erd.mgrOperation &lt; 3
       and erd.apOperation &lt; 3
     order by erd.hotelFromDate
  </entry>

  <entry key="expensereport.Management.glCodeList">
    select erd.otherGlCode
      from ExpenseRptD erd
     where erd.countryId = :countryId
       and erd.otherGlCode is not null
     group by erd.otherGlCode
     order by erd.otherGlCode
  </entry>

  <entry key="expensereport.perDiemAMT">
    select nvl(sum(erpd.perDiemAmt),0)
      from ExpenseRptPd erpd
     where erpd.expenseRptPdPK.expenseRptId = :expenseRptId
  </entry>

  <entry key="expenseReport.loanList">
    select l
      from Loan l, UPerson person
     where l.userName = person.uPersonPK.userName       
       and person.countryId = :countryId
       and l.cancelDate is null
       and l.cancelByUserName is null
  </entry>

  <entry key="expenseReport.loanDetailList">
    select ld.loanDPK.expenseRptId, ld.amountApplied, sum(erd.amtPaid)
      from LoanD ld, ExpenseRptD erd
     where ld.loanDPK.loanId = :loanId
       and erd.expenseRptDPK.expenseRptId = ld.loanDPK.expenseRptId
       and erd.apOperation &lt; 3
       and erd.mgrOperation &lt; 3
     group by ld.loanDPK.expenseRptId, ld.amountApplied
     order by ld.loanDPK.expenseRptId
  </entry>

  <entry key="expenseReport.userLoanAvailable">
    select l
      from Loan l
     where l.cancelDate is null
       and l.cancelByUserName is null       
       and l.userName = :userName
       and (l.amountOpen &gt; 0
            or l.loanId in ( select ld.loanDPK.loanId
                               from LoanD ld
                              where ld.loanDPK.expenseRptId = :expenseRptId ))
  </entry>

  <entry key="expenseReport.loanD">
    select ld
      from LoanD ld
     where ld.loanDPK.loanId = :loanId
       and ld.loanDPK.expenseRptId = :expenseRptId 
  </entry>

  <entry key="expenseReport.sumLoanPaid">
    select nvl(sum(ld.amountApplied),0)
      from LoanD ld
     where ld.loanDPK.expenseRptId = :expenseRptId 
  </entry>

  <entry key="expenseReport.approuvalModify">
    select nvl(count(erd.expenseRptDPK.expenseRptId),0)
      from ExpenseRptD erd
     where erd.apOperation != 0
       and erd.expenseRptDPK.expenseRptId = :expenseRptId
  </entry>

  <entry key="expenseReport.loanAvailableForUser">
    select nvl(sum(l.amountOpen),0)
      from Loan l
     where l.cancelByUserName is null
       and l.cancelDate is null
       and l.amountOpen &gt; 0
       and l.userName = :userName
  </entry>

  <entry  key="expensereport.validation.MgrAndExternalUser">
    select u
      from UPerson u
     where (u.expApprovalUserName = :currentUser
        or u.managerUserName = :currentUser) 
  </entry>

  <entry key="expenseReport.user.loanList">
    select person
      from UPerson person
     where person.countryId = :countryId
  </entry>

</properties>