<?xml version="1.0" encoding="UTF-8"?>
<!DOCTYPE properties SYSTEM "http://java.sun.com/dtd/properties.dtd">
<properties>
 <comment>GiveAways related queries.</comment>
 
 <entry key="promoItem.getByItemId">
   select p
     from PromoItem p
    where p.itemId = :itemId  
 </entry>

 <entry key="promoItemCountry.getByItemIdCountryId">
   select pic
     from PromoItemCountry pic
    where pic.promoItemCountryPK.itemId = :itemId
      and pic.promoItemCountryPK.countryId = :countryId
 </entry>

 <entry key="promoItemTxt.getByItemIdLangId">
   select pit
     from PromoItemTxt pit
    where pit.promoItemTxtPK.itemId = :itemId
      and pit.promoItemTxtPK.langId = :langId
 </entry>

 <entry key="promoItemCountry.getNextItemId">
    select nvl(max(pi.item_id) + 1, 1)
        from waltercb.promo_item pi
 </entry>
 
 <entry key="promoItem.getItemList">
    select pi.item_id, pi.product_number, pit.name
      from waltercb.promo_item pi, waltercb.promo_item_txt pit
     where pi.item_id = pit.item_id
       and pit.lang_id = 1
 </entry>

 <entry key="promoItem.getByProductnumber">
   select p.productNumber
     from PromoItem p
    where p.productNumber = :productNumber
 </entry>

  <entry key="promo.availableItemByCountryLang">
    select pi.item_id, pi.product_number, pi.image, pi.image_name, pic.list_price, pit.name
      from waltercb.promo_item pi, waltercb.promo_item_country pic, waltercb.promo_item_txt pit
     where pi.item_id = pic.item_id
       and pic.country_id = :countryId
       and pic.web_display = 'yes'
       and pit.item_id = pic.item_id
       and pit.lang_id = (select max(pit2.lang_id)
                            from waltercb.promo_item_txt pit2
                           where pit.item_id = pit2.item_id
                             and pit2.lang_id in (1, :langId))
  </entry>


  <entry key="promoOrderItem.getNextOrderId">
    select nvl(max(po.order_id) + 1, 1)
      from waltercb.promo_order po
  </entry>

  <entry key="promoOrderItem.getNextLineId">
    select nvl(max(poi.line_id) + 1, 1)
      from waltercb.promo_order_item poi
     where poi.order_id = :orderId
  </entry>

  <entry key="promoOrder.getUnSubmittedOrder">
    select po.order_id, po.creation_date, (select sum(poi.price_each * poi.quantity + poi.extra_price_each * poi.quantity) as totalSum
                                             from waltercb.promo_order_item poi
                                            where poi.order_id = po.order_id)
      from waltercb.promo_order po
     where po.deleted_Date is null
       and po.creator_user_name = :creatorUserName
       and po.submit_date is null
  </entry>

  <entry key="promoOrder.getSubmittedOrder">
    select po.order_id, po.submit_date, (select sum(poi.price_each * poi.quantity + poi.extra_price_each * poi.quantity) as totalSum
                                             from waltercb.promo_order_item poi
                                            where poi.order_id = po.order_id)
      from waltercb.promo_order po
     where po.deleted_Date is null
       and po.creator_user_name = :creatorUserName
       and po.submit_date is not null
  </entry>

  <entry key="PromoOrder.getById">
    select po
      from PromoOrder po
     where po.orderId = :orderId
  </entry>

  <entry key="PromoOrderItem.getNumberItemShoppingCart">
    select count(item_id)
      from waltercb.promo_order_item
     where order_id = :orderId
  </entry>

  <entry key="PromoOrderItem.getNumberItemShoppingCart">
    select count(item_id)
      from waltercb.promo_order_item
     where order_id = :orderId
  </entry>

  <entry key="PromoOrderItem.checkItemAlreadyAdded">
    select count(order_id)
      from waltercb.promo_order_item poi, waltercb.promo_item_country pic
     where poi.order_id = :orderId
       and poi.item_id = pic.item_id
       and pic.country_id = :countryId
       and pic.logo_extra = 'no'
       and poi.item_id = :itemId
  </entry>
  
  <entry key="PromoOrderItme.getList">
    select poi
      from PromoOrderItem poi
     where poi.promoOrderItemPK.orderId = :orderId
  </entry>
  
  <entry key="PromoOrderItme.deleteRow">
    delete waltercb.promo_order_item poi
     where poi.order_id = :orderId
       and poi.line_id = :lineId
       and poi.item_id = :itemId
  </entry>

  <entry key="PromoOrderItem.getSum">
    select sum(poi.price_each * poi.quantity)
      from waltercb.promo_order_item poi
     where poi.order_id = :orderId
  </entry>

  <entry key="PromoOrder.getLastCreated">
    select po
      from PromoOrder po
     where creatorUserName = :creatorUserName
       and submitDate is null
       and deletedDate is null    
  </entry>


</properties>