<?xml version="1.0" encoding="UTF-8"?>
<!DOCTYPE properties SYSTEM "http://java.sun.com/dtd/properties.dtd">
<properties>
 <comment>Global Customer related queries.</comment>
 <entry key="global.customer.walter.products">
    SELECT CASE when :lang = 'us' THEN
         franchise.classalternatekey
       ELSE
         nvl(idb.commonpkg.getproductlinedesc(waltercb.pdbpkg.getidblang(:lang) , oo.instanceguid), franchise.classalternatekey)
       END,
    nvl(idb.commonpkg.gettradename(waltercb.pdbpkg.getidblang(:lang), otrade.instancename), otrade.instancename)
    FROM idb.oo_instances oo, idb.oo_classes oc, idb.oo_classes franchise, waltercb.cnt_product cp, idb.Oo_Instances otrade
    WHERE oo.classguid = oc.classguid
    AND oc.classalternatekey = 'ProductLine'
    AND oo.instancename = franchise.classname
    AND otrade.instanceguid = cp.tradenameguid
    AND cp.franchiseguid = franchise.classguid
    AND cp.cnt_id = :cntId
    ORDER BY 1, 2
 </entry>

 <entry key="global.customer.biocircle.productnames">
     SELECT gp.gaProductId, ctt.description
     FROM CbFranchise cf,
        CbFranchiseTxt cft,
        CbTradename ct,
        CbTradenameTxt ctt,
        GaProduct gp,
        GlobalAccount acc
     WHERE cf.franchiseId = cft.cbFranchiseTxtPK.franchiseId
     AND cft.cbFranchiseTxtPK.langId =
        (SELECT MAX(cft2.cbFranchiseTxtPK.langId)
        FROM CbFranchiseTxt cft2
        WHERE cft.cbFranchiseTxtPK.franchiseId = cft2.cbFranchiseTxtPK.franchiseId
        AND cft2.cbFranchiseTxtPK.langId IN (1, 2)
        )
     AND cf.franchiseId = ct.cbTradenamePK.franchiseId
     AND ct.cbTradenamePK.franchiseId = ctt.cbTradenameTxtPK.franchiseId
     AND ct.cbTradenamePK.tradenameId = ctt.cbTradenameTxtPK.tradenameId
     AND ctt.cbTradenameTxtPK.langId  =
        (SELECT MAX(ctt2.cbTradenameTxtPK.langId)
        FROM CbTradenameTxt ctt2
        WHERE ctt.cbTradenameTxtPK.franchiseId = ctt2.cbTradenameTxtPK.franchiseId
        AND ctt.cbTradenameTxtPK.tradenameId   = ctt2.cbTradenameTxtPK.tradenameId
        AND ctt2.cbTradenameTxtPK.langId IN (1, 2)
        )
     AND TO_CHAR(cf.franchiseId) = gp.franchiseguid
     AND TO_CHAR(ct.cbTradenamePK.tradenameId) = gp.tradenameguid
     AND gp IN (:products)
 </entry>

 <entry key="global.customer.walter.productnames">
     SELECT DISTINCT gp.gaProductId, wpc.tradename
     FROM WalterProductsCountries wpc,
     OoInstances trade,
     GaProduct gp
     WHERE gp IN (:products)
     AND wpc.productguid.producttype                        in ('Product','Kit')
     AND wpc.countryguid.instancealternatekey               = 'CA'
     AND wpc.tradename                                      = trade.instancename
     AND wpc.productguid.ooInstances.classguid.classguid    = gp.franchiseguid
     AND trade.instanceguid                                 = gp.tradenameguid
 </entry>
</properties>