<?xml version="1.0" encoding="UTF-8"?>
<!DOCTYPE properties SYSTEM "http://java.sun.com/dtd/properties.dtd">
<properties>
    <comment>Solutions reports related queries.</comment>
    <entry key="lab.report.biocircle.productnames">
        SELECT erTrialProduct.trialProductId, ctt.description, erTrialProduct.tradenameguid, erTrialProduct.franchiseguid
          FROM CbFranchise cf, CbFranchiseTxt cft, CbTradename ct, CbTradenameTxt ctt, ErTrialProduct erTrialProduct
         WHERE cf.franchiseId = cft.cbFranchiseTxtPK.franchiseId
           AND cft.cbFranchiseTxtPK.langId = (SELECT MAX(cft2.cbFranchiseTxtPK.langId)
                                                FROM CbFranchiseTxt cft2
                                               WHERE cft.cbFranchiseTxtPK.franchiseId = cft2.cbFranchiseTxtPK.franchiseId
                                                 AND cft2.cbFranchiseTxtPK.langId IN (1, :langId))
           AND cf.franchiseId = ct.cbTradenamePK.franchiseId
           AND ct.cbTradenamePK.franchiseId = ctt.cbTradenameTxtPK.franchiseId
           AND ct.cbTradenamePK.tradenameId = ctt.cbTradenameTxtPK.tradenameId
           AND ctt.cbTradenameTxtPK.langId =(SELECT MAX(ctt2.cbTradenameTxtPK.langId)
                                               FROM CbTradenameTxt ctt2
                                              WHERE ctt.cbTradenameTxtPK.franchiseId = ctt2.cbTradenameTxtPK.franchiseId
                                                AND ctt.cbTradenameTxtPK.tradenameId   = ctt2.cbTradenameTxtPK.tradenameId
                                                AND ctt2.cbTradenameTxtPK.langId IN (1, :langId))
           AND TO_CHAR(cf.franchiseId) = erTrialProduct.franchiseguid
           AND TO_CHAR(ct.cbTradenamePK.tradenameId) = erTrialProduct.tradenameguid
    </entry>

    <entry key="lab.report.walter.productnames">
      select distinct erTrialProduct.trialProductId, wt.tradenametext, erTrialProduct.tradenameguid, erTrialProduct.franchiseguid
        from WalterTradenames wt, ErTrialProduct erTrialProduct
       where wt.ooInstances.instanceguid = erTrialProduct.tradenameguid
         and (erTrialProduct.erTrial.er.organization = 'walter'
              OR erTrialProduct IN (SELECT erTrialProduct2 
                                      FROM ErTrialProduct erTrialProduct2, UTradenameShare tshare2
                                     WHERE erTrialProduct2.erTrial.er.organization  = 'cb'
                                       AND TO_CHAR(tshare2.cbFranchiseId) = erTrialProduct2.franchiseguid
                                       AND TO_CHAR(tshare2.cbTradenameId) = erTrialProduct2.tradenameguid
                                    )
             )

    </entry>

    <entry key="lab.report.read.counter">
      SELECT erCounter.erCounterPK.erId, erCounter.counter
        FROM ErCounter erCounter, Er er
       WHERE erCounter.erCounterPK.userName = :userName
         AND erCounter.erCounterPK.erId = er.erId
    </entry>

    <entry key="lab.report.walter.franchises">
      SELECT franchise.classguid, franchise.classalternatekey
        FROM OoInstances trade, OoClasses franchise
       WHERE trade.classguid.classalternatekey	= 'ProductLine'
         AND franchise.classname			        = trade.instancename
         AND franchise.classguid IN ('7AC5E2256DFA9F40E043C0A8011F9F40', '7AC5E2256DD29F40E043C0A8011F9F40')
    </entry>

    <entry key="lab.report.walter.customers">
      SELECT distinct txt.customerName FROM ErTxt txt
       WHERE txt.er.organization = :organization
         AND txt.erTxtPK.langId = :langId
         AND txt.customerName is not null
    </entry>

    <entry key="lab.report.count.user">
      SELECT COUNT(er.erId) FROM Er er
       WHERE er.creatorUserName = :userName
         AND er.publishedDate IS NOT NULL
         AND er.cancelDate IS NULL
    </entry>
</properties>
