<?xml version="1.0" encoding="UTF-8"?>
<!DOCTYPE properties SYSTEM "http://java.sun.com/dtd/properties.dtd">
<properties>
  <comment>New Ideas related queries.</comment>
  <entry key="new.ideas.biocircle.productnames">
    SELECT idea.ideaId, ctt.description, idea.tradename, idea.productline
      FROM CbFranchise cf, CbFranchiseTxt cft, CbTradename ct, CbTradenameTxt ctt, Idea idea
     WHERE cf.franchiseId = cft.cbFranchiseTxtPK.franchiseId
       AND cft.cbFranchiseTxtPK.langId = (SELECT MAX(cft2.cbFranchiseTxtPK.langId)
                                            FROM CbFranchiseTxt cft2
                                           WHERE cft.cbFranchiseTxtPK.franchiseId = cft2.cbFranchiseTxtPK.franchiseId
                                             AND cft2.cbFranchiseTxtPK.langId IN (1, 2) )
       AND cf.franchiseId = ct.cbTradenamePK.franchiseId
       AND ct.cbTradenamePK.franchiseId = ctt.cbTradenameTxtPK.franchiseId
       AND ct.cbTradenamePK.tradenameId = ctt.cbTradenameTxtPK.tradenameId
       AND ctt.cbTradenameTxtPK.langId  = (SELECT MAX(ctt2.cbTradenameTxtPK.langId)
                                             FROM CbTradenameTxt ctt2
                                            WHERE ctt.cbTradenameTxtPK.franchiseId = ctt2.cbTradenameTxtPK.franchiseId
                                              AND ctt.cbTradenameTxtPK.tradenameId   = ctt2.cbTradenameTxtPK.tradenameId
                                              AND ctt2.cbTradenameTxtPK.langId IN (1, 2) )
       AND TO_CHAR(cf.franchiseId) = idea.productline
       AND TO_CHAR(ct.cbTradenamePK.tradenameId) = idea.tradename
  </entry>

  <entry key="new.ideas.walter.productnames">
    select DISTINCT idea.ideaId, wt.tradenametext, idea.tradename, idea.productline
      from WalterTradenames wt, Idea idea
     where wt.tradenameguid = idea.tradename
       and (idea.organization = 'walter'
            OR idea IN (SELECT idea2 
                          FROM Idea idea2, UTradenameShare tshare2
                         WHERE idea2.organization  = 'cb'
                           AND TO_CHAR(tshare2.cbFranchiseId) = idea2.productline
                           AND TO_CHAR(tshare2.cbTradenameId) = idea2.tradename)
           )
  </entry>

  <entry key="new.ideas.read.counter">
    SELECT ideaCounter.ideaCounterPK.ideaId, ideaCounter.counter
      FROM IdeaCounter ideaCounter, Idea idea
     WHERE ideaCounter.ideaCounterPK.userName = :userName
       AND ideaCounter.ideaCounterPK.ideaId = idea.ideaId
  </entry>

  <entry key="new.ideas.soon.closed">
    SELECT idea FROM Idea idea
      LEFT OUTER JOIN FETCH idea.ideaTxtSet txt
     WHERE TO_DATE(idea.publishedDate, 'dd-mm-yyyy') = TO_DATE(SYSDATE - 20, 'dd-mm-yyyy')
       AND idea.ideaStatusId = 7
  </entry>

  <entry key="new.ideas.closing">
    SELECT idea FROM Idea idea
      LEFT OUTER JOIN FETCH idea.ideaTxtSet txt
     WHERE MOD(TO_DATE(SYSDATE, 'dd-mm-yyyy') - TO_DATE(idea.publishedDate, 'dd-mm-yyyy'), 10) = 0
       AND TO_DATE(idea.publishedDate, 'dd-mm-yyyy') &lt;= TO_DATE(SYSDATE - 30, 'dd-mm-yyyy')
       AND idea.ideaStatusId = 7

<!--   and to_date(i.published_Date,'dd-mm-yyyy') &lt;= to_date(SYSDATE - 28,'dd-mm-yyyy')
 and MOD(TO_DATE(SYSDATE, 'DD/MM/YY') - TO_DATE(i.published_Date, 'DD/MM/YY'), 10) = 0-->

  </entry>

  <entry key="new.ideas.cancel">
    UPDATE Idea i
       SET i.cancelDate = sysdate
     WHERE i.ideaId = :ideaId
  </entry>
</properties>
