<?xml version="1.0" encoding="UTF-8"?>
<!DOCTYPE properties SYSTEM "http://java.sun.com/dtd/properties.dtd">
<properties>
    <comment>Photo gallery related queries.</comment>
    <entry key="all.photos.txt">
        SELECT p 
        FROM PgTreeItemTxt p LEFT JOIN FETCH p.pgTreeItem item 
        WHERE p.pgTreeItemTxtPK.langId = 
            (select max(txt2.pgTreeItemTxtPK.langId) 
            FROM PgTreeItemTxt txt2 
            WHERE txt2.pgTreeItemTxtPK.itemId = p.pgTreeItemTxtPK.itemId
            AND txt2.pgTreeItemTxtPK.langId in (1, :lang)
            )
        AND item.company = :company
    </entry>
    <entry key="photos.by.itemid">
        SELECT p 
        FROM PgTreeItemTxt p LEFT JOIN FETCH p.pgTreeItem item 
        WHERE p.pgTreeItemTxtPK.itemId = :itemId
    </entry>
    <entry key="photos.max.id">
        SELECT MAX(p.pgTreeItemPK.itemId) FROM PgTreeItem p
    </entry>
</properties>
