<?xml version="1.0" encoding="UTF-8"?>
<!DOCTYPE properties SYSTEM "http://java.sun.com/dtd/properties.dtd">
<properties>
  <comment>Product dashboard related queries.</comment>
  <entry key="product.dashboard.walter.franchises">
     select franchise
      from OoInstances trade, OoClasses franchise
     where trade.classguid.classalternatekey = 'ProductLine'
      and franchise.classname = trade.instancename
  </entry>

  <entry key="product.dashboard.walter.franchises.translation">   
    select obm
      from OoInstances franchise, OoClasses oc, OoBabelMembers obm, OoInstances lang, OoClasses ocFranchise
     where franchise.classguid.classguid = oc.classguid
       and oc.classname = 'ProductLine'
       and franchise.instanceguid = obm.instanceguid     
       and obm.languageguid = lang.instanceguid
       and lang.instancealternatekey = :languageAbbreviation
       and ocFranchise.classname = franchise.instancename
       and ocFranchise.classguid = :classGuid
       and franchise.instancestatus = 'Active'
       and obm.babelmemberstatus = 'Active'
  </entry>

  <entry key="product.dashboard.walter.franchisesInstance">
    select ooFranchise
      from OoClasses oc, OoInstances ooFranchise, OoClasses ocFranchiseClass
     where oc.classguid = :classguid
       and oc.classname = ooFranchise.instancename
       and ocFranchiseClass.classname = 'ProductLine'
       and ooFranchise.classguid = ocFranchiseClass.classguid
       and ooFranchise.instancestatus = 'Active'
  </entry>

  <entry key="product.dashboard.walter.tradenames">
    select trade
      from OoInstances product, WalterProducts wp,  WalterProductsCountries wpc,
           OoInstances trade, OoClasses oc, OoInstances country
     where product.instanceguid = wp.productguid
       and wp.productguid = wpc.productguid
       and wpc.tradename = trade.instancename
       and trade.classguid = oc.classguid
       and wpc.countryguid = country.instanceguid
       and oc.classname = 'Trade'
       and product.instancestatus = 'Active'
       and wp.productstatus = 'Active'
       and wpc.topublish = 'Y'
       and wp.producttype in ('Product','Kit')
       and wpc.tradename is not null
       and product.classguid.classguid = :franchiseGuid
       and country.instancealternatekey = :countryCode
     group by trade.instanceguid, trade.classguid, trade.instancealternatekey, trade.instancename, trade.instancestatus,
              trade.adddatetime, trade.deletedatetime, trade.updatedatetime, trade.updatedatetimestatus
  </entry>
  
  <entry key="product.dashboard.walter.instanceName.translation">   
    select obm
      from OoInstances franchise, OoClasses oc, OoBabelMembers obm, OoInstances lang
     where franchise.classguid.classguid = oc.classguid
       and oc.classname = :instanceName
       and franchise.instanceguid = obm.instanceguid     
       and obm.languageguid = lang.instanceguid
       and lang.instancealternatekey = :languageAbbreviation
       and franchise.instanceguid = :instanceGuid
       and franchise.instancestatus = 'Active'
       and obm.babelmemberstatus = 'Active'
  </entry>

  <entry key="product.dashboard.walter.productInfo.translation">   
    select obm
      from OoBabelMembers obm, OoInstances lang, OoClassesMembers ocm, OoInstances country
     where obm.languageguid = lang.instanceguid
       and obm.instanceguid.instanceguid = :productGuid     
       and lang.instancealternatekey = :languageAbbreviation
       and obm.babelmemberstatus = 'Active'
       and obm.classmemberguid = ocm.memberguid
       and ocm.membername = :fieldSearch
       and obm.filterinstanceguid = country.instanceguid
       and country.instancealternatekey = :countryCode
  </entry>

  <entry key="product.dashboard.walter.walterProductCountries">
    select wpc
      from WalterProductsCountries wpc, OoInstances trade
     where wpc.productguid.productstatus = 'Active'
       and wpc.productguid.producttype in ('Product','Accessory', 'Kit')
       and wpc.countryguid.instancealternatekey = :countryCode
       and wpc.topublish = 'Y'
       and wpc.tradename = trade.instancename
       and trade.classguid.classalternatekey = 'Trade'
       and wpc.tradename IS NOT NULL
       and wpc.deletedatetime is null
       and trade.instanceguid = :tradenameGuid
       and trade.instancestatus = 'Active'
  </entry>

  <entry key="product.dashboard.walter.walterProductImages">
    select distinct wpi
      from WalterProductsCountries wpc, WalterProductsImages wpi
     where wpc.productguid.productstatus = 'Active'
       and wpc.productguid.producttype in ('Product','Accessory','Kit')
       and wpc.productguid.productnumber = :productNumber
       and wpc.countryguid.instancealternatekey = :countryCode
       and wpc.topublish = 'Y'
       and wpc.deletedatetime is null
       and wpi.productcountryguid = wpc.productcountryguid
       and wpi.deletedatetime is null
       and wpi.ooInstances.instancestatus = 'Active'
  </entry>

  <entry key="product.dashboard.walter.productrelation">
    select oir.childinstanceguid
      from OoInstancesRelationships oir
     where oir.relationshiptype = :relationType
       and oir.parentinstanceguid.instancealternatekey = :productNumber
       and oir.relationshipstatus = 'Active'
       and oir.parentinstanceguid.instancestatus = 'Active'
       and oir.childinstanceguid.instancestatus = 'Active'    
  </entry>

  <entry key="product.dashboard.walter.productvideo">
    select w
      from WalterTvvideos w
     where w.productcountryguid = :wpc
       and w.tvvideostatus = 'Active'
       and w.languageguid.instancealternatekey = :lang
  </entry>


  <entry key="product.dashboard.walter.productdocument">
    select wpd
      from WalterProductsDocuments wpd
     where wpd.productcountryguid = :wpc
       and wpd.languageguid.instancealternatekey = :lang   
       and wpd.deletedatetime is null
       and wpd.ooInstances.instancestatus = 'Active'
  </entry>

  <entry key="product.dashboard.walter.productdocumentByType">
    select wpd
      from WalterProductsDocuments wpd
     where wpd.productcountryguid = :wpc
       and wpd.languageguid.instancealternatekey = :lang   
       and wpd.deletedatetime is null
       and wpd.ooInstances.instancestatus = 'Active'
       and wpd.type = :documentType
  </entry>

  <entry key="product.dashboard.walter.productListTool">
    select distinct tool, wpc.template
      from OoInstances trade, WalterProductsCountries wpc, OoInstancesRelationships oir, OoInstances tool, OoInstances ch
     where trade.instanceguid = :tradeGuid
       and wpc.tradename = trade.instancename
       and wpc.countryguid.instancealternatekey = :country
       and wpc.countryguid.instanceguid = oir.filterinstanceguid.instanceguid
       and oir.parentinstanceguid = wpc.productguid.ooInstances
       and oir.childinstanceguid.instanceguid = ch.instanceguid
       and ch.instancealternatekey = tool.instanceguid
       and oir.relationshiptype = 'O'
       and trade.instancestatus = 'Active'
       and oir.relationshipstatus = 'Active'
       and wpc.topublish = 'Y'
       and tool.instancestatus = 'Active'
       and ch.instancestatus = 'Active'
     group by tool.instanceguid, tool.classguid, tool.instancealternatekey, tool.instancename, tool.instancestatus,
              tool.adddatetime, tool.deletedatetime, tool.updatedatetime, tool.updatedatetimestatus, wpc.template
  </entry>


  <entry key="product.dashboard.walter.productToolByFranchiseAction">
    select distinct tool
    from WalterProductsCountries wpc, OoInstancesRelationships oir, OoInstances product, OoInstances relation, OoInstances tool
   where wpc.productguid.ooInstances = oir.parentinstanceguid
     and oir.relationshiptype = 'O'
     and wpc.productguid.ooInstances.instanceguid = product.instanceguid
     and product.classguid.classguid = :franchiseGuid
     and oir.filterinstanceguid.instanceguid = wpc.countryguid.instanceguid
     and oir.childinstanceguid.instanceguid = relation.instanceguid
     and relation.instancename = :actionGuid
     and relation.instancealternatekey = tool.instanceguid
     and wpc.countryguid.instancealternatekey = :countryCode
     and wpc.topublish = 'Y'
     and wpc.tradename is not null
     and wpc.deletedatetime is null
     and oir.relationshipstatus = 'Active'
     and product.instancestatus = 'Active'
     and relation.instancestatus = 'Active'
     and tool.instancestatus = 'Active'
  </entry>

  <entry key="product.dashboard.walter.productTradeNameByFranchiseActionTool">
    select distinct trade
    from WalterProductsCountries wpc, OoInstancesRelationships oir, OoInstances product, OoInstances relation, OoInstances tool, OoInstances trade
   where wpc.productguid.ooInstances = oir.parentinstanceguid
     and oir.relationshiptype = 'O'
     and wpc.productguid.ooInstances.instanceguid = product.instanceguid
     and product.classguid.classguid = :franchiseGuid
     and oir.filterinstanceguid.instanceguid = wpc.countryguid.instanceguid
     and oir.childinstanceguid.instanceguid = relation.instanceguid
     and relation.instancename = :actionGuid
     and relation.instancealternatekey = tool.instanceguid
     and wpc.tradename = trade.instancename
     and trade.classguid.classname = 'Trade'
     and tool.instanceguid = :toolGuid
     and wpc.countryguid.instancealternatekey = :countryCode
     and wpc.topublish = 'Y'
     and wpc.tradename is not null
     and wpc.deletedatetime is null
     and oir.relationshipstatus = 'Active'
     and product.instancestatus = 'Active'
     and relation.instancestatus = 'Active'
     and tool.instancestatus = 'Active'
  </entry>


  <entry key="product.dashboard.walter.productListToolImage">
    select distinct omv, wu
      from OoInstances trade, WalterProductsCountries wpc, OoInstancesRelationships oir, OoInstances tool,
           OoInstances ch, OoInstancesMembersValues omv, WalterUrl wu, OoInstances productLine
     where wpc.tradename = trade.instancename
       and wpc.countryguid.instancealternatekey = :country
       and wpc.countryguid.instanceguid = oir.filterinstanceguid.instanceguid
       and oir.parentinstanceguid = wpc.productguid.ooInstances
       and oir.childinstanceguid.instanceguid = ch.instanceguid
       and ch.instancealternatekey = tool.instanceguid
       and ch.instanceguid = omv.instanceguid.instanceguid
       and omv.intancememberguid.memberguid = '7AC5E2256F199F40E043C0A8011F9F40'
       and oir.relationshiptype = 'O'
       and tool.instanceguid = :instanceGuid
       and wu.documentType = 'tool'
       and wu.countryguid = wpc.countryguid.instanceguid
       and wu.productlineguid = productLine.instanceguid
       and productline.instancename = wpc.productguid.ooInstances.classguid.classname
       and productline.classguid.classname = 'ProductLine'
       and trade.instancestatus = 'Active'
       and wpc.deletedatetime is null
       and oir.relationshipstatus = 'Active'
       and tool.instancestatus = 'Active'
       and ch.instancestatus = 'Active'
       and omv.deletedatetime is null
       and wu.deletedatetime is null
       and tool.instancestatus = 'Active'
  </entry>

  <entry key="product.dashboard.walter.title">
    select tt
      from TemplateTitle tt
     where tt.template.templatename = :templateName
       and tt.templateTitlePK.rowId = :rowId
       and tt.titleguid != '7CE5F7B9FB48EBA0E043C0A8011FEBA0'
     order by tt.orderby
<!--tt.titleguid != '7CE5F7B9FB48EBA0E043C0A8011FEBA0'  guid of list price    -->
  </entry>
  
  <entry key="product.dashboard.walter.templateItem">
    select tt
      from TemplateItem tt
     where tt.template.templatename = :templateName
       and tt.templateItemPK.rowId = :rowId
       and tt.templateItemPK.columnId = :columnId
     order by tt.orderby
  </entry>

  <entry key="product.dashboard.walter.productMesureInfo">
    select omv.instancemembervalue, oir.childinstanceguid.instancename
      from OoInstancesMembersValues omv, OoInstancesRelationships oir, OoInstances franchise
     where omv.instanceguid.instanceguid = :productVersion
       and omv.intancememberguid.membername = :memberName
       and oir.relationshiptype = 'D' 
       and oir.parentinstanceguid.instanceguid = :unitType
       and oir.childinstanceguid.instanceguid = omv.instancememberuomguid.instanceguid
       and oir.relationshipstatus = 'Active'
       and omv.deletedatetime is null
       and omv.intancememberguid.classguid = franchise.classguid
       and omv.instanceguid.instancealternatekey = franchise.instancealternatekey
       and franchise.classguid.parentclassguid.classname in ('Product','Kit')
  </entry>

  <entry key="product.dashboard.walter.productMesureInfoUniversal">
    select omv.instancemembervalue
      from OoInstancesMembersValues omv
     where omv.instanceguid.instanceguid = :productVersion
       and omv.intancememberguid.membername = :memberName
       and omv.deletedatetime is null
  </entry>

  <entry key="product.dashboard.walter.productList">
    select wpc
      from OoInstances trade, WalterProductsCountries wpc, OoInstancesRelationships oir, OoInstances tool,
           OoInstances ch
     where trade.instanceguid = :tradenameGuid
       and wpc.tradename = trade.instancename
       and wpc.countryguid.instancealternatekey = :countryCode
       and wpc.countryguid.instanceguid = oir.filterinstanceguid.instanceguid
       and oir.parentinstanceguid = wpc.productguid.ooInstances
       and oir.childinstanceguid.instanceguid = ch.instanceguid
       and ch.instancealternatekey = tool.instanceguid
       and oir.relationshiptype = 'O'
       and tool.instanceguid = :toolGuid
       and trade.instanceguid = :tradenameGuid
       and (wpc.template = :template or wpc.template is null)
       and trade.instancestatus = 'Active'
       and wpc.deletedatetime is null
       and oir.relationshipstatus = 'Active'
       and tool.instancestatus = 'Active'
       and ch.instancestatus = 'Active'
     order by wpc.productguid.productnumber
  </entry>  

  <entry key="product.dashboard.walter.solutionReport">
    select ct
      from Cnt c, CntTxt ct
     where c.cntId = ct.cntTxtPK.cntId
       and ct.cntTxtPK.langId = (select max(ct2.cntTxtPK.langId)
                                   from CntTxt ct2
                                  where ct.cntTxtPK.cntId = ct2.cntTxtPK.cntId
                                    and ct2.cntTxtPK.langId in (1, :langId))
       and c.cntId in (select cp.cntProductPK.cntId
                         from UTradenameShare uts, CntProduct cp
                        where (uts.wFranchiseGuid = :fanchiseGuid or cp.cntProductPK.franchiseguid = :fanchiseGuid) 
                          and (uts.wTradenameGuid = :tradenameGuid or cp.cntProductPK.tradenameguid = :tradenameGuid)
                          and (cp.cntProductPK.franchiseguid = to_char(uts.cbFranchiseId) or cp.cntProductPK.franchiseguid = :fanchiseGuid)
                          and (cp.cntProductPK.tradenameguid = to_char(uts.cbTradenameId) or cp.cntProductPK.tradenameguid = :tradenameGuid))
       and c.cancelDate is null
       and c.publicationDate is not null
       and c.published = 'Y'
     order by c.ratingAvg desc, c.publicationDate desc
  </entry>

  <entry key="product.dashboard.walter.labReport">
    select etxt
      from Er e, ErTxt etxt
     where e.erId = etxt.erTxtPK.erId
       and etxt.erTxtPK.langId = (select max(etxt2.erTxtPK.langId)
                                    from ErTxt etxt2
                                   where etxt.erTxtPK.erId = etxt2.erTxtPK.erId
                                     and etxt2.erTxtPK.langId in (1, :langId))
      and e.cancelDate is null
      and e.published = 'Y'
      and e.publishedDate is not null
      and e.organization = 'walter'
      and e.erId in ( select et.er.erId
                         from ErTrialProduct etp, ErTrial et
                        where etp.erTrial = et
                          and etp.franchiseguid = :fanchiseGuid
                          and etp.tradenameguid = :tradenameGuid)  
    order by e.publishedDate desc 
  </entry>

  <entry key="product.dashboard.walter.newIdea">
    select it
      from Idea i, IdeaTxt it
     where i.ideaId = it.ideaTxtPK.ideaId
       and it.ideaTxtPK.langId = (select max(it2.ideaTxtPK.langId)
                                    from IdeaTxt it2
                                   where it.ideaTxtPK.ideaId = it2.ideaTxtPK.ideaId
                                     and it2.ideaTxtPK.langId in (1, :langId))
       and i.cancelDate is null
       and i.ideaStatusId &gt; 0
       and i.publishedDate is not null
       and i.productline = :fanchiseGuid
       and i.tradename  = :tradenameGuid
       order by i.publishedDate desc
  </entry>

  <entry key="product.dashboard.walter.TradeNameInstance">
    select ooFranchise
      from OoClasses oc, OoInstances ooFranchise
     where oc.classguid = ooFranchise.classguid
       and oc.classname = 'Trade'
       and ooFranchise.instanceguid = :tradenameguid
  </entry>

  <entry key="prodcut.dashboard.walter.action">
    select distinct action
      from OoInstances ch, OoInstancesRelationships oir, OoClasses cl,
           OoInstances product, WalterProductsCountries wpc, OoInstances action
     where oir.filterinstanceguid.instancealternatekey = :countryCode
       and wpc.countryguid.instanceguid = oir.filterinstanceguid.instanceguid
       and wpc.productguid.ooInstances = oir.parentinstanceguid
       and ch.instanceguid = oir.childinstanceguid.instanceguid
       and product.instanceguid = oir.parentinstanceguid
       and product.classguid = cl.classguid 
       and action.instanceguid = ch.instancename
       and oir.relationshiptype = 'O'
       and cl.classguid = :tradenameGuid
       and wpc.topublish = 'Y'
       and ch.instancestatus = 'Active'
       and oir.relationshipstatus = 'Active'
       and cl.classstatus = 'Active'
       and product.instancestatus = 'Active'
       and wpc.deletedatetime is null
       and action.instancestatus = 'Active'
  </entry>

</properties>