<?xml version="1.0" encoding="UTF-8"?>
<!DOCTYPE properties SYSTEM "http://java.sun.com/dtd/properties.dtd">
<properties>
 <comment>Productivity Report related queries.</comment>
    <entry key="productivity.report.getCompetitorResult">
      SELECT pr
        FROM PrResult pr
       WHERE pr.competitorProduct = :competitorProduct
         AND pr.materialTool.materialId = :materialId
       ORDER BY pr.date DESC
    </entry>
    <entry key="productivity.report.competitorProduct.existPublishedReport">
      SELECT COUNT(pr)
        FROM ProductivityReport pr
       WHERE pr.competitorProduct = :competitorProduct
         AND pr.publishDate IS NOT NULL
    </entry>
    <entry key="productivity.report.getWalterResult">
      SELECT pr
        FROM PrResult pr
       WHERE pr.walterProductNumber = :walterProductNumber
         AND pr.materialTool.materialId = :materialId
       ORDER BY pr.date DESC
    </entry>
    <entry key="productivity.report.material">
      SELECT u
        FROM UMaterial u
       WHERE u.uMaterialPK.materialId = :materialId
         AND u.uMaterialPK.langId = :langId
    </entry>
    <entry key="productivity.report.application">
      SELECT e
        FROM OoBabelMembers e
       WHERE e.instanceguid.instanceguid = :applicationGUID
         AND e.languageguid.instancealternatekey = :languageAbbreviation
         and e.classmemberguid.membername = 'Name'
    </entry>
    <entry key="productivity.report.getTranslation">
      SELECT e.membervalue
        FROM OoBabelMembers e
       WHERE e.instanceguid.instanceguid = :instanceguid
         AND e.languageguid.instancealternatekey = :languageAbbreviation
         and e.classmemberguid.membername = 'Name'
    </entry>        
    <entry key="productivity.report.applications">
      SELECT e 
        FROM OoBabelMembers e, OoClassesMembers ocm
       WHERE e.instanceguid.instanceguid IN ('FC831CE581A022B6E043C0A8011F22B6', 'FC82683BAB71E656E043C0A8011FE656','FC2177416194CD2CE043C0A8011FCD2C', 'FC831CE581AA22B6E043C0A8011F22B6', 'FC832BA2DC71CB18E043C0A8011FCB18')
         AND e.languageguid.instancealternatekey = :languageAbbreviation
         and e.classmemberguid.membername = 'Name'
    </entry>
    <entry key="productivity.report.products">
      SELECT wpc.productversionguid.productversionguid, wpc.productguid.productnumber, trade.instanceguid,
             trade.instancename, r.childinstanceguid.instanceguid, wpc.productguid.ooInstances.classguid.classguid, wpc.listprice
        FROM OoInstancesRelationships r, WalterProductsCountries wpc, OoInstances trade
       WHERE wpc.productguid.productstatus         = 'Active'
         AND wpc.topublish                           = 'Y'
         AND wpc.countryguid.instancealternatekey    = :country
         AND wpc.productguid.deletedatetime          IS NULL
         AND wpc.deletedatetime                      IS NULL
         AND trade.instanceguid                      = wpc.tradenameguid
         AND r.relationshiptype                      = 'AO'
         AND r.relationshipstatus                    = 'Active'
<!--         AND r.childinstanceguid.instanceguid       IN ('FC831CE581A022B6E043C0A8011F22B6', 'FC82683BAB71E656E043C0A8011FE656','FC2177416194CD2CE043C0A8011FCD2C', 'FC831CE581AA22B6E043C0A8011F22B6', 'FC832BA2DC71CB18E043C0A8011FCB18')-->
         AND wpc.countryguid                         = r.filterinstanceguid
         AND wpc.productguid                         = r.parentinstanceguid
         AND trade.classguid.classname               = 'TradeName'
       order by wpc.productguid.productnumber
    </entry>

    <entry key="productivity.report.Allproducts">
      SELECT wpc.productversionguid.productversionguid, wpc.productguid.productnumber, trade.instanceguid,
             trade.instancename, r.childinstanceguid.instanceguid, wpc.productguid.ooInstances.classguid.classguid, wpc.listprice
        FROM OoInstancesRelationships r, WalterProductsCountries wpc, OoInstances trade
       WHERE wpc.productguid.productstatus         = 'Active'
         AND wpc.topublish                           = 'Y'
         AND wpc.countryguid.instancealternatekey    = :country
         AND wpc.productguid.deletedatetime          IS NULL
         AND wpc.deletedatetime                      IS NULL
         AND trade.instanceguid                      = wpc.tradenameguid
         AND r.relationshiptype                      = 'AO'
         AND r.relationshipstatus                    = 'Active'
         AND wpc.countryguid                         = r.filterinstanceguid
         AND wpc.productguid                         = r.parentinstanceguid
         AND trade.classguid.classname               = 'TradeName'
         and wpc.productguid.producttype in ('Product')
       order by wpc.productguid.productnumber
    </entry>

    <entry key="productivity.report.product">
      SELECT distinct wpc.productversionguid.productversionguid, wpc.productguid.productnumber, trade.instanceguid,
             trade.instancename, r.childinstanceguid.instanceguid, wpc.productguid.ooInstances.classguid.classguid, wpc.listprice
        FROM WalterProductsCountries wpc, OoInstancesRelationships r, OoInstances trade
       WHERE wpc.productguid.productnumber         = :productNumber
         AND wpc.productguid.productstatus           = 'Active'
         AND wpc.topublish                           = 'Y'
         AND wpc.countryguid.instancealternatekey    = :country
         AND wpc.productguid.deletedatetime          IS NULL
         AND wpc.deletedatetime                      IS NULL
         AND trade.instanceguid                      = wpc.tradenameguid
         AND r.relationshiptype                      = 'AO'
         AND r.relationshipstatus                    = 'Active'
<!--         AND r.childinstanceguid.instanceguid        IN ('FC831CE581A022B6E043C0A8011F22B6', 'FC82683BAB71E656E043C0A8011FE656','FC2177416194CD2CE043C0A8011FCD2C', 'FC831CE581AA22B6E043C0A8011F22B6', 'FC832BA2DC71CB18E043C0A8011FCB18')-->
         AND wpc.countryguid                         = r.filterinstanceguid
         AND wpc.productguid                         = r.parentinstanceguid
         AND trade.classguid.classname               = 'TradeName'
         AND trade.instancestatus                    = 'Active'
       order by wpc.productguid.productnumber
    </entry>
    <entry key="productivity.report.product.information">
      SELECT mv.instancemembervalue
        FROM OoInstancesMembersValues mv, OoInstancesRelationships r
       WHERE mv.instanceguid.instanceguid      = :productVersionGUID
         AND mv.intancememberguid.membername     = :information
         AND r.relationshiptype                  = 'D'
         AND r.relationshipstatus                = 'Active'
         AND r.parentinstanceguid.instancename   = 'Imperial'
         AND mv.instancememberuomguid            = r.childinstanceguid
         AND mv.intancememberguid.classguid.classguid = :franchiseClassesGuid
    </entry>
    <entry key="productivity.report.product.otherInformation">
      SELECT mv.instancemembervalue
        FROM OoInstancesMembersValues mv
       WHERE mv.instanceguid.instanceguid  = :productVersionGUID
         AND mv.intancememberguid.membername = :information
         AND mv.intancememberguid.classguid.classguid = :franchiseClassesGuid
    </entry>
    <entry key="productivity.report.otherInformations">
      SELECT oo.instancename
        FROM OoInstances oo
       WHERE oo.classguid.classname = :information
         AND oo.instancename IS NOT NULL
       ORDER BY oo.instancename
    </entry>
    <entry key="productivity.report.loadProductsFromResults">
      SELECT wpc.productversionguid.productversionguid, wpc.productguid.productnumber, trade.instanceguid,
             trade.instancename, mv.instancemembervalue
        FROM WalterProductsCountries wpc, OoInstancesRelationships r, OoInstances trade,
             OoInstancesMembersValues mv, OoInstancesRelationships r2
       WHERE wpc.productguid.productnumber             IN (SELECT pr.walterProductNumber FROM PrResult pr WHERE pr IN (:results))
         AND wpc.productguid.productstatus               = 'Active'
         AND wpc.topublish                               = 'Y'
         AND wpc.countryguid.instancealternatekey        = :country
         AND wpc.productguid.deletedatetime              IS NULL
         AND wpc.deletedatetime                          IS NULL
         AND trade.instanceguid                          = wpc.tradenameguid
         AND r.relationshiptype                          = 'AO'
         AND r.childinstanceguid.instanceguid            IN ('FC831CE581A022B6E043C0A8011F22B6', 'FC82683BAB71E656E043C0A8011FE656','FC2177416194CD2CE043C0A8011FCD2C',
                                                             'FC831CE581AA22B6E043C0A8011F22B6', 'FC832BA2DC71CB18E043C0A8011FCB18','7F6D218EDAFE2810E053E80BA8C0038F')
         AND wpc.countryguid                             = r.filterinstanceguid
         AND wpc.productguid                             = r.parentinstanceguid
         AND r.relationshipstatus                        = 'Active'
         AND wpc.productversionguid.productversionguid   = mv.instanceguid.instanceguid
         AND mv.intancememberguid.membername             = 'Diameter'
         AND r2.relationshiptype                         = 'D'
         AND r2.parentinstanceguid.instancename          = 'Imperial'
         AND mv.instancememberuomguid                    = r2.childinstanceguid
         AND trade.classguid.classname                   = 'TradeName'
       order by wpc.productguid.productnumber
    </entry>
    <entry key="productivity.report.loadProductsFromReports">
      SELECT wpc.productversionguid.productversionguid, wpc.productguid.productnumber, trade.instanceguid, trade.instancename
        FROM WalterProductsCountries wpc, OoInstancesRelationships r, OoInstances trade
       WHERE wpc.productguid.productnumber             IN (SELECT pr.walterProductNumber FROM ProductivityReport pr WHERE pr IN (:reports))
         AND wpc.productguid.productstatus               = 'Active'
         AND wpc.topublish                               = 'Y'
         AND wpc.countryguid.instancealternatekey        = :country
         AND wpc.productguid.deletedatetime              IS NULL
         AND wpc.deletedatetime                          IS NULL
         AND trade.instanceguid                          = wpc.tradenameguid
         AND r.relationshiptype                          = 'AO'
         AND r.relationshipstatus                        = 'Active'
         AND r.childinstanceguid.instanceguid            IN ('FC831CE581A022B6E043C0A8011F22B6', 'FC82683BAB71E656E043C0A8011FE656','FC2177416194CD2CE043C0A8011FCD2C',
                                                             'FC831CE581AA22B6E043C0A8011F22B6', 'FC832BA2DC71CB18E043C0A8011FCB18','7F6D218EDAFE2810E053E80BA8C0038F')
         AND wpc.countryguid                             = r.filterinstanceguid
         AND wpc.productguid                             = r.parentinstanceguid
         AND trade.classguid.classname                   = 'TradeName'
       order by wpc.productguid.productnumber
    </entry>
    <entry key="productivity.report.getPicturesDescriptions">
      SELECT txt
        FROM PrPictureTxt txt
       WHERE txt.picture.result = :result
         AND txt.pictureTxtPK.langId IN (1, :langId)
    </entry>
    <entry key="productivity.report.checkAssiociateReport">
      SELECT COUNT(pr)
        FROM ProductivityReport pr
       WHERE pr.walterResult = :result
          OR pr.competitorResult = :result
    </entry>
    <entry key="productivity.report.materialList">
      select u
        from UMaterial u
       where u.uMaterialPK.materialId in (select materialId from UMaterialTool )
         and u.uMaterialPK.langId = (select max(u2.uMaterialPK.langId)
                                       from UMaterial u2
                                      where u2.uMaterialPK.materialId = u.uMaterialPK.materialId
                                        and u2.uMaterialPK.langId in (1, :langId))
       order by u.materialDesc
    </entry>
    
    <entry key="mobileProductivity.getWalterProduct">
      select wp.productnumber, oc.classguid
        from intldb.walter_products_countries wpc, intldb.walter_products wp, intldb.oo_instances country, intldb.oo_instances prod, intldb.oo_classes oc
       where wpc.productversionguid = :productVersion
         and wp.productguid = wpc.productguid
         and wpc.countryguid = country.instanceguid
         and country.instancealternatekey = :countryCode
         and wp.productguid = prod.instanceguid
         and prod.classguid = oc.classguid
    </entry>
    
    <entry key="material.getMaterial">
      select um
        from UMaterial um
       where um.uMaterialPK.materialId = :materialId
          and um.uMaterialPK.langId = ( select max(um2.uMaterialPK.langId)
                                          from UMaterial um2
                                         where um2.uMaterialPK.materialId = um.uMaterialPK.materialId
                                           and um2.uMaterialPK.langId in (1, :langId))
    </entry>

    <entry key="mobileProductivity.getReportReadyToSendEmail">
      select r
        from Reports r
       where r.status in ('TO_PROCESS', 'TO_REPROCESS')
    </entry>

    <entry key="mobileProductivity.getOrderReadyToSendEmail">
      select o
        from Orders o
       where o.status = 'TO_PROCESS'
    </entry>

  <entry key="walter.tradenames.translation">
    SELECT babeltrade.membervalue
      FROM OoBabelMembers babelTrade
     WHERE babelTrade.languageguid.instancealternatekey = :languageAbbreviation
       AND babelTrade.classmemberguid.classguid.classname = 'TradeName'
       and babelTrade.instanceguid.instanceguid = :tradeguid
  </entry>

</properties>