<?xml version="1.0" encoding="UTF-8"?>
<!DOCTYPE properties SYSTEM "http://java.sun.com/dtd/properties.dtd">
<properties>
  <comment>Rosetta stone related queries.</comment>
  <entry key="rosettaStone.franchiseList">
    select cft
      from CbFranchise cf, CbFranchiseTxt cft
     where cf.franchiseId = cft.cbFranchiseTxtPK.franchiseId
       and cft.cbFranchiseTxtPK.langId  = 1
       and cf.display = 'Y'
  </entry>

  <entry key="rosettaStone.franchiseToBeTranslated">
    select lang.lang_id, lang.lang_name
      from waltercb.u_lang lang
     where lang.lang_id not in (select ft.lang_id
      from WALTERCB.cb_franchise_txt ft
     where ft.franchise_id = :franchiseId)
       and lang.lang_id &lt; 30
     order by lang.lang_name
  </entry>

  <entry key="rosettaStone.tradeNameList">
    SELECT ct.tradename_id, ctt.description
      FROM  waltercb.cb_tradename ct,  waltercb.cb_tradename_txt ctt
     WHERE ct.display = 'Y'
       AND ct.franchise_id = ctt.franchise_id
       AND ct.tradename_id = ctt.tradename_id
       AND ct.franchise_id = :franchiseId
       AND ctt.lang_id = 1
     order by ctt.description 
  </entry>

  <entry key="rosettaStone.tradeNameToBeTranslated">
    select lang.lang_id, lang.lang_name
      from WALTERCB.u_lang lang
     where lang.lang_id not in (select lang_id
                                  from WALTERCB.cb_tradename_txt ctt
                                 where ctt.franchise_id = :franchiseId
                                   and ctt.tradename_id = :tradenameId)
       and lang.lang_id &lt; 30
     order by lang.lang_name 
  </entry>

  <entry key="rosettaStone.franchise.edit">
    select lang.lang_id, lang.lang_name, cft.description
      from waltercb.cb_franchise_txt  cft, waltercb.u_lang lang
     where cft.franchise_id(+) = :franchiseId
       and cft.lang_id(+) = lang.lang_id
       and lang.lang_id &lt; 30
     order by lang.lang_id
  </entry>

  <entry key="rosettaStone.franchise.sequence">
    select waltercb.franchise_id_seq.nextval from dual
  </entry>

  <entry key="rosettaStone.tradeName">
    select ctt
      from CbTradename ct, CbTradenameTxt ctt
     where ct.cbTradenamePK.franchiseId = ctt.cbTradenameTxtPK.franchiseId
       and ct.cbTradenamePK.tradenameId = ctt.cbTradenameTxtPK.tradenameId
       and ctt.cbTradenameTxtPK.langId = 1
       and ct.display = 'Y'
       and ct.cbTradenamePK.franchiseId = :franchiseId
       and ct.cbTradenamePK.tradenameId = :tradenameId
  </entry>

  <entry key="rosettaStone.tradename.edit">
    select lang.lang_id, lang.lang_name, ctt.description
      from waltercb.cb_tradename_txt ctt, waltercb.u_lang lang
     where ctt.lang_id(+) = lang.lang_id
       and ctt.franchise_id(+) = :franchiseId
       and ctt.tradename_id(+) = :tradenameId
       and lang.lang_id &lt; 30
     order by lang.lang_id
  </entry>

  <entry key="rosettaStone.tradeName.sequence">
    select waltercb.tradename_id_seq.nextval from dual
  </entry>

  <entry key="rosettaStone.walter.franchises">
    SELECT franchise.classguid, franchise.classalternatekey
      FROM OoInstances trade, OoClasses classline, OoClasses franchise
     WHERE classline.classalternatekey	= 'ProductLine'
       AND trade.classguid 				= classline.classguid
       AND franchise.classname			= trade.instancename
  </entry>

  <entry key="rosettaStone.biocircle.franchises">
    SELECT cf.franchiseId, cft.description
      FROM CbFranchise cf, CbFranchiseTxt cft
     WHERE cf.franchiseId = cft.cbFranchiseTxtPK.franchiseId
       AND cft.cbFranchiseTxtPK.langId = 1
  </entry>

  <entry key="rosettaStone.tradeShare">
    select u.id, cft.description as cb_franchise, ctt.description as cb_tradename, ocfr.classalternatekey, wt.tradenametext
      from waltercb.u_tradename_share u, waltercb.cb_franchise cf, waltercb.cb_franchise_txt cft, 
           waltercb.cb_tradename ct, waltercb.cb_tradename_txt ctt, 
           intldb.walter_tradenames wt, intldb.oo_instances ootrade, intldb.oo_instances oofranchise, intldb.oo_classes ocfr
     where u.cb_franchise_id = cf.franchise_id
       and cf.franchise_id = cft.franchise_id
       and cf.display = 'Y'
       and cft.lang_id = 1
       and u.cb_franchise_id = ct.franchise_id
       and u.cb_tradename_id = ct.tradename_id
       and ct.franchise_id = ctt.franchise_id
       and ct.tradename_id = ctt.tradename_id
       and ct.display = 'Y'
       and ctt.lang_id = 1
       and u.w_tradename_guid = wt.tradenameguid
       and wt.tradenameguid = ootrade.instanceguid
       and ootrade.instancestatus = 'Active'
       and wt.productlineguid = oofranchise.instanceguid
       and oofranchise.instancename = ocfr.classname
     order by ocfr.classalternatekey, wt.tradenametext, cft.description, ctt.description
  </entry>

  <entry key="rosettaStone.biocircle.tradenames">
    SELECT ct.cbTradenamePK.tradenameId, ct.cbTradenamePK.franchiseId,  cft.description, ctt.description
      FROM CbTradename ct, CbTradenameTxt ctt, CbFranchiseTxt cft
     WHERE ct.cbTradenamePK.franchiseId	= ctt.cbTradenameTxtPK.franchiseId
       AND ct.cbTradenamePK.tradenameId	= ctt.cbTradenameTxtPK.tradenameId
       AND ct.display 						= 'Y'
       AND ctt.cbTradenameTxtPK.langId 	= 1	     	     
       AND cft.cbFranchiseTxtPK.franchiseId = ct.cbTradenamePK.franchiseId
       AND cft.cbFranchiseTxtPK.langId = 1
     ORDER BY LOWER(ctt.description)
  </entry>

  <entry key="rosettaStone.walter.tradenames">
    select wt.tradenameguid, ocpl.classguid, ocpl.classname, wt.ooInstances.instancename
      from WalterTradenames wt, OoClasses ocpl
     where wt.ooInstances.instancestatus = 'Active'
       and wt.productlineguid.instancename = ocpl.classname  
  </entry>

  <entry key="rosettaStone.UTradenameShare.sequence">
    select waltercb.u_tradename_share_seq.nextval from dual
  </entry>

</properties>