<?xml version="1.0" encoding="UTF-8"?>
<!DOCTYPE properties SYSTEM "http://java.sun.com/dtd/properties.dtd">
<properties>
  <comment>Solutions reports related queries.</comment>
  <entry key="solution.report">
    SELECT cnt
      FROM Cnt cnt
     WHERE cnt.cntId = :cntId
  </entry>
  <entry key="solution.translate">
    SELECT translate
      FROM CntTranslate translate
     WHERE translate.cntTranslatePK.cntId = :cntId
       AND translate.cntTranslatePK.langId = :langId
  </entry>
  <entry key="solution.report.rating">
    SELECT AVG(opinion.ranking)
      FROM waltercb.cnt_opinion opinion
     WHERE opinion.cnt_id = :cntId
  </entry>
  <entry key="solution.report.activities">
    SELECT u
      FROM CntActivity ca, UActivity u
     WHERE ca.cntActivityPK.cntId = :cntId
       AND ca.cntActivityPK.activityId = u.uActivityPK.activityId
       AND u.uActivityPK.langId = (SELECT max(u2.uActivityPK.langId)
                                     FROM UActivity u2
                                    WHERE u.uActivityPK.activityId = u2.uActivityPK.activityId
                                      AND u2.uActivityPK.langId in (1, :langId))
     ORDER BY u.activityDesc
  </entry>
  <entry key="solution.report.industries">
    SELECT u
      FROM CntIndustry ca, UIndustry u
     WHERE ca.cntIndustryPK.cntId = :cntId
       AND ca.cntIndustryPK.industryId = u.uIndustryPK.industryId
       AND u.uIndustryPK.langId = (SELECT max(u2.uIndustryPK.langId)
                                     FROM UIndustry u2
                                    WHERE u.uIndustryPK.industryId = u2.uIndustryPK.industryId
                                      AND u2.uIndustryPK.langId in (1, :langId))
     ORDER BY u.industryDesc
  </entry>
  <entry key="solution.report.materials">
    SELECT u
      FROM CntMaterial ca, UMaterial u
     WHERE ca.cntMaterialPK.cntId = :cntId
       AND ca.cntMaterialPK.materialId = u.uMaterialPK.materialId
       AND u.uMaterialPK.langId = (SELECT max(u2.uMaterialPK.langId)
                                     FROM UMaterial u2
                                    WHERE u.uMaterialPK.materialId = u2.uMaterialPK.materialId
                                      AND u2.uMaterialPK.langId in (1, :langId))
     ORDER BY u.materialDesc
  </entry>
  <entry key="solution.report.contaminants">
    SELECT u
      FROM CntContaminant ca, UContaminant u
     WHERE ca.cntContaminantPK.cntId = :cntId
       AND ca.cntContaminantPK.contaminantId = u.uContaminantPK.contaminantId
       AND u.uContaminantPK.langId = (SELECT max(u2.uContaminantPK.langId)
                                        FROM UContaminant u2
                                       WHERE u.uContaminantPK.contaminantId = u2.uContaminantPK.contaminantId
                                         AND u2.uContaminantPK.langId in (1, :langId))
     ORDER BY u.contaminantDesc
  </entry>
  <entry key="solution.report.machineries">
    SELECT um
      FROM CntMachinery cm, UMachinery um
     WHERE cm.cntMachineryPK.machineryId = um.uMachineryPK.machineryId
       AND cm.cntMachineryPK.cntId = :cntId
       AND um.uMachineryPK.langId = (SELECT max(um2.uMachineryPK.langId)
                                       FROM UMachinery um2
                                      WHERE um.uMachineryPK.machineryId = um2.uMachineryPK.machineryId
                                        AND um2.uMachineryPK.langId in (1, :langId))
     ORDER BY um.machineryDesc
  </entry>

  <entry key="solution.report.biocircle.productnames">
    SELECT cp.cntProductPK.cntId, ctt.description, cp.cntProductPK.tradenameguid, cp.cntProductPK.franchiseguid 
      FROM CbFranchise cf, CbFranchiseTxt cft, CbTradename ct,
           CbTradenameTxt ctt, CntProduct cp, Cnt cnt
     WHERE cf.franchiseId = cft.cbFranchiseTxtPK.franchiseId
       AND cft.cbFranchiseTxtPK.langId = (SELECT MAX(cft2.cbFranchiseTxtPK.langId)
                                            FROM CbFranchiseTxt cft2
                                           WHERE cft.cbFranchiseTxtPK.franchiseId = cft2.cbFranchiseTxtPK.franchiseId
                                             AND cft2.cbFranchiseTxtPK.langId IN (1, :langId))
       AND cf.franchiseId = ct.cbTradenamePK.franchiseId
       AND ct.cbTradenamePK.franchiseId = ctt.cbTradenameTxtPK.franchiseId
       AND ct.cbTradenamePK.tradenameId = ctt.cbTradenameTxtPK.tradenameId
       AND ctt.cbTradenameTxtPK.langId  = (SELECT MAX(ctt2.cbTradenameTxtPK.langId)
                                             FROM CbTradenameTxt ctt2
                                            WHERE ctt.cbTradenameTxtPK.franchiseId = ctt2.cbTradenameTxtPK.franchiseId
                                              AND ctt.cbTradenameTxtPK.tradenameId   = ctt2.cbTradenameTxtPK.tradenameId
                                              AND ctt2.cbTradenameTxtPK.langId IN (1, :langId))
       AND TO_CHAR(cf.franchiseId) = cp.cntProductPK.franchiseguid
       AND TO_CHAR(ct.cbTradenamePK.tradenameId) = cp.cntProductPK.tradenameguid
       AND cp.cntProductPK.cntId = cnt.cntId
  </entry>


  <entry key="solution.report.walter.productnames">
    select cnt.cntId, wt.tradenametext, cp.cntProductPK.tradenameguid, cp.cntProductPK.franchiseguid
      from WalterTradenames wt, CntProduct cp, Cnt cnt
     where cp.cntProductPK.cntId                            = cnt.cntId
       and wt.ooInstances.instanceguid                      = cp.cntProductPK.tradenameguid
       and (cnt.organization                                  = 'walter' or
            cnt in (SELECT cnt2
                      FROM Cnt cnt2, CntProduct product2, UTradenameShare tshare2
                     WHERE cnt2.organization  = 'cb'
                       AND product2.cntProductPK.cntId  = cnt2.cntId
                       AND TO_CHAR(tshare2.cbFranchiseId) = product2.cntProductPK.franchiseguid
                       AND TO_CHAR(tshare2.cbTradenameId) = product2.cntProductPK.tradenameguid)
           )
  </entry>

  <entry key="solution.report.walter.tradenames">
    select wt.tradenameguid, ocpl.classguid, ocpl.classname, wt.ooInstances.instancename
      from WalterTradenames wt, OoClasses ocpl
     where wt.ooInstances.instancestatus = 'Active'
       and wt.productlineguid.instancename = ocpl.classname
  </entry>

  <entry key="solution.report.walter.tradenames.translation">
    SELECT babeltrade.instanceguid.instancename, babeltrade.membervalue
      FROM OoBabelMembers babelTrade
     WHERE babelTrade.languageguid.instancealternatekey = :languageAbbreviation
       AND babelTrade.classmemberguid.classguid.classname = 'TradeName'
  </entry>

  <entry key="solution.report.walter.franchises">
    SELECT franchise.classguid, franchise.classalternatekey
      FROM OoInstances trade, OoClasses franchise
     WHERE trade.classguid.classalternatekey	= 'ProductLine'
       AND franchise.classname			        = trade.instancename
  </entry>
  <entry key="solution.report.walter.franchises.translation">
    SELECT babeltrade.instanceguid.instancename, babeltrade.membervalue
      FROM OoBabelMembers babelTrade
     WHERE babelTrade.languageguid.instancealternatekey = :languageAbbreviation
       AND babelTrade.classmemberguid.classguid.classname = 'ProductLine'
  </entry>

  <entry key="solution.report.biocircle.franchises">
    SELECT cf.franchiseId, cft.description
      FROM CbFranchise cf,  CbFranchiseTxt cft
     WHERE cf.franchiseId = cft.cbFranchiseTxtPK.franchiseId
       AND cft.cbFranchiseTxtPK.langId =  (SELECT MAX(cft2.cbFranchiseTxtPK.langId)
                                             FROM CbFranchiseTxt cft2
                                            WHERE cft.cbFranchiseTxtPK.franchiseId = cft2.cbFranchiseTxtPK.franchiseId
                                              AND cft2.cbFranchiseTxtPK.langId IN (1, :langId))
  </entry>

  <entry key="solution.report.biocircle.tradenames">
    SELECT ct.cbTradenamePK.tradenameId, ct.cbTradenamePK.franchiseId,  cft.description, ctt.description
      FROM CbTradename ct, CbTradenameTxt ctt, CbFranchiseTxt cft
     WHERE ct.cbTradenamePK.franchiseId	= ctt.cbTradenameTxtPK.franchiseId
       AND ct.cbTradenamePK.tradenameId	= ctt.cbTradenameTxtPK.tradenameId
       AND ct.display 						= 'Y'
       AND ctt.cbTradenameTxtPK.langId 	= (SELECT MAX(ctt2.cbTradenameTxtPK.langId)
                                             FROM CbTradenameTxt ctt2
                                            WHERE ctt.cbTradenameTxtPK.franchiseId = ctt2.cbTradenameTxtPK.franchiseId
                                              AND ctt.cbTradenameTxtPK.tradenameId = ctt2.cbTradenameTxtPK.tradenameId
                                              AND ctt2.cbTradenameTxtPK.langId IN (1, :langId))
       AND cft.cbFranchiseTxtPK.franchiseId = ct.cbTradenamePK.franchiseId
       AND cft.cbFranchiseTxtPK.langId = (SELECT MAX(cft2.cbFranchiseTxtPK.langId)
                                            FROM CbFranchiseTxt cft2
                                           WHERE cft.cbFranchiseTxtPK.franchiseId = cft2.cbFranchiseTxtPK.franchiseId
                                             AND cft2.cbFranchiseTxtPK.langId IN (1, :langId))
     ORDER BY LOWER(ctt.description)
  </entry>
  <entry key="solution.report.walter.creatorUserNames">
    SELECT DISTINCT c.creatorUserName FROM Cnt c
  </entry>

  <entry key="solution.report.read.counter">
    SELECT cntCounter.cntCounterPK.cntId, cntCounter.counter 
      FROM Cnt cnt, CntCounter cntCounter 
     WHERE cntCounter.cntCounterPK.cntId = cnt.cntId 
       AND cntCounter.cntCounterPK.userName = :userName
  </entry>

  <entry key="solution.report.naics">
    SELECT DISTINCT n
      FROM Naics n 
     WHERE LENGTH (n.naicsPK.naics) = :level
       AND n.naicsPK.countryId = :country
       AND n.isVisible = 'Y'
     ORDER BY n.naicsDesc
  </entry>

  <entry key="solution.report.naicsList">
    select n
      from Naics n
     where n.naicsPK.countryId = :countryId
       and n.naicsDesc in (select n2.naicsDesc
                             from Naics n2
                            where n.naicsPK.countryId = n2.naicsPK.countryId
                              and n2.naicsPK.naics = :naics)
       and n.isVisible = 'Y'
       and n.naicsPK.naics != :naics
  </entry> 

  <entry key="solution.report.naicsCustomer">
    SELECT cust
      FROM NaicsCustomer cust 
     WHERE cust.companyName LIKE :contains
       AND cust.countryId = :countryId
     ORDER BY cust.businessName
  </entry>

  <entry key="solution.report.cancel">
    UPDATE Cnt cnt
       SET cnt.cancelDate = :cancelDate,
           cnt.cancelBy = :cancelBy
     WHERE cnt = :cnt    
  </entry>

  <entry key="solution.report.count.user">
    SELECT COUNT(c) 
      FROM Cnt c
     WHERE c.creatorUserName = :userName
       AND c.publicationDate IS NOT NULL
       AND c.published = 'Y'
       AND c.validFlag = 1
       AND c.cancelDate IS NULL
  </entry>

  <entry key="solution.report.references">
    SELECT cnt.cntId, cnt.cntRef
      FROM Cnt cnt
     WHERE cnt.publicationDate IS NOT NULL
       AND cnt.entryDate IS NOT NULL
       AND cnt.organization = :organization
  </entry>
</properties>
