<?xml version="1.0" encoding="UTF-8"?>
<!DOCTYPE properties SYSTEM "http://java.sun.com/dtd/properties.dtd">
<properties>
 <comment>User Management related queries.</comment>
	<entry key="stateList">
		select cst
		  from CountryStateTxt cst
		 where cst.countryStateTxtPK.countryId = :countryId
		   and cst.countryStateTxtPK.langId in (select max(cst2.countryStateTxtPK.langId)
                                              from CountryStateTxt cst2
                                             where cst2.countryStateTxtPK.countryId = cst.countryStateTxtPK.countryId
                                               and cst2.countryStateTxtPK.stateCode = cst.countryStateTxtPK.stateCode
                                               and cst2.countryStateTxtPK.langId in (1, :langId ))
		 order by cst.stateDesc
	</entry>

  <entry key="CountryStateTxt">
		select cst
		  from CountryStateTxt cst
		 where cst.countryStateTxtPK.countryId = :countryId
       and cst.countryStateTxtPK.stateCode = :stateCode
       and cst.countryStateTxtPK.langId  = 1
		 order by cst.stateDesc
	</entry>

  <entry key="departmentList">
    select distinct u.department
      from UPerson u
     where u.department is not null
     order by u.department
  </entry>

  <entry key="recordTypeList">
    select r
      from RecordType r
     where r.recordTypePK.langId in ( select max(r2.recordTypePK.langId)
                                        from RecordType r2
                                       where r.recordTypePK.recordType = r2.recordTypePK.recordType
                                          and r2.recordTypePK.langId in (1, :langId))
    order by r.recordDesc
  </entry>

  <entry key="countryRegionList">
    select crt
      from CountryRegionTxt crt
     where crt.countryRegionTxtPK.langId = (select max(crt2.countryRegionTxtPK.langId)
                                              from CountryRegionTxt crt2
                                             where crt.countryRegionTxtPK.countryId = crt2.countryRegionTxtPK.countryId
                                               and crt.countryRegionTxtPK.regionCode = crt2.countryRegionTxtPK.regionCode
                                               and crt2.countryRegionTxtPK.langId in (1, :langId) )
       and crt.countryRegionTxtPK.countryId = :countryId
  </entry>
	
  <entry key="uPerson">
		select person 
		  from UPerson person 
		 where person.uPersonPK.userName = :userName
	</entry>
</properties>