<?xml version="1.0" encoding="UTF-8"?>
<!DOCTYPE properties SYSTEM "http://java.sun.com/dtd/properties.dtd">
<properties>
    <comment>Video gallery related queries.</comment>
    <entry key="all.videos.images">
      select it
        from VgTreeItemTxt it, VgTreeItem v
       where v.vgTreeItemPK.vgTreeCode = it.vgTreeItemTxtPK.vgTreeCode
         and v.vgTreeItemPK.itemId = it.vgTreeItemTxtPK.itemId
         and it.vgTreeItemTxtPK.vgTreeCode = :treeCode
         and v.parentId = :parentId
         and v.cancelDate is null
         and v.cancelBy is null
         and it.cancelDate is null
         and it.cancelBy is null
         and it.vgTreeItemTxtPK.langId = (select max(it2.vgTreeItemTxtPK.langId)
                                            from VgTreeItemTxt it2
                                           where it2.vgTreeItemTxtPK.vgTreeCode = it.vgTreeItemTxtPK.vgTreeCode
                                             and it2.vgTreeItemTxtPK.itemId = it.vgTreeItemTxtPK.itemId
                                             and it2.cancelDate is null
                                             and it2.cancelBy is null
                                             and it2.vgTreeItemTxtPK.langId in ( 1, :langId))
      order by v.orderBy    
    </entry>

    <entry key="all.videos.txt">
      select it
        from VgTreeItemTxt it, VgTreeItem v
       where v.vgTreeItemPK.vgTreeCode = it.vgTreeItemTxtPK.vgTreeCode
         and v.vgTreeItemPK.itemId = it.vgTreeItemTxtPK.itemId
         and it.vgTreeItemTxtPK.vgTreeCode = :treeCode
         and it.cancelBy is null
         and it.cancelDate is null
         and v.cancelDate is null
         and v.cancelBy is null
         and it.cancelDate is null
         and it.cancelBy is null
         and it.vgTreeItemTxtPK.langId = (select max(it2.vgTreeItemTxtPK.langId)
                                            from VgTreeItemTxt it2
                                           where it2.vgTreeItemTxtPK.vgTreeCode = it.vgTreeItemTxtPK.vgTreeCode
                                             and it2.vgTreeItemTxtPK.itemId = it.vgTreeItemTxtPK.itemId
                                             and it2.cancelBy is null
                                             and it2.cancelDate is null
                                             and it2.cancelDate is null
                                             and it2.cancelBy is null
                                             and it2.vgTreeItemTxtPK.langId in ( 1, :lang))
      order by v.orderBy
    </entry>

    <entry key="videos.by.itemid">
        select it
          from VgTreeItemTxt it, VgTreeItem v
         where v.vgTreeItemPK.vgTreeCode = it.vgTreeItemTxtPK.vgTreeCode
           and v.vgTreeItemPK.itemId = it.vgTreeItemTxtPK.itemId
           and it.vgTreeItemTxtPK.itemId = :itemId
           and it.vgTreeItemTxtPK.vgTreeCode = :treeCode
           and v.cancelDate is null
           and v.cancelBy is null
           and it.cancelDate is null
           and it.cancelBy is null
         order by v.orderBy
    </entry>

    <entry key="videos.max.id">
        select nvl(MAX(v.vgTreeItemPK.itemId), 0)
          from VgTreeItem v
         where v.vgTreeItemPK.vgTreeCode = :treeCode
    </entry>

    <entry key="videos.next.orderBy">
        select nvl(MAX(v.orderBy), 0)
          from VgTreeItem v
         where v.vgTreeItemPK.vgTreeCode = :treeCode
           and v.parentId = :parentId
    </entry>

    <entry key="videos.updateUpSelected.orderby">
      update VgTreeItem v
         set v.orderBy = :orderBy
        where v.vgTreeItemPK.itemId = :itemId
          and v.vgTreeItemPK.vgTreeCode = :vgTreeCode
    </entry>

    <entry key="videos.updateUpItem.orderby">
      update VgTreeItem v
         set v.orderBy = order_by + 1
        where v.parentId = :parentId
          and v.vgTreeItemPK.itemId != :itemId
          and v.vgTreeItemPK.vgTreeCode = :vgTreeCode
          and v.orderBy &gt;= :orderByFrom
          and v.orderBy &lt; :orderByTo
    </entry>

    <entry key="videos.updateDownSelected.orderby">
      update VgTreeItem v
         set v.orderBy = :orderBy
        where v.vgTreeItemPK.itemId = :itemId
          and v.vgTreeItemPK.vgTreeCode = :vgTreeCode
    </entry>

    <entry key="videos.updateDownItem.orderby">
      update VgTreeItem v
         set v.orderBy = order_by - 1
        where v.parentId = :parentId
          and v.vgTreeItemPK.itemId != :itemId
          and v.vgTreeItemPK.vgTreeCode = :vgTreeCode
          and v.orderBy &lt;= :orderByFrom
          and v.orderBy &gt; :orderByTo
    </entry>

    <entry key="videos.by.parentId">
      select v
        from VgTreeItem v
       where v.vgTreeItemPK.vgTreeCode = :vgTreeCode
         and v.parentId = :parentId
         and v.cancelDate is null
         and v.cancelBy is null
      order by orderBy
    </entry>

    <entry key="videos.by.itemIdlangId">
      select it
        from VgTreeItemTxt it, VgTreeItem v
       where v.vgTreeItemPK.vgTreeCode = it.vgTreeItemTxtPK.vgTreeCode
         and v.vgTreeItemPK.itemId = it.vgTreeItemTxtPK.itemId
         and v.vgTreeItemPK.vgTreeCode = :treeCode      
         and v.vgTreeItemPK.itemId = :itemId
         and v.cancelDate is null
         and v.cancelBy is null
         and it.cancelDate is null
         and it.cancelBy is null
         and it.vgTreeItemTxtPK.langId = (select max(it2.vgTreeItemTxtPK.langId)
                                            from VgTreeItemTxt it2
                                           where it2.vgTreeItemTxtPK.vgTreeCode = it.vgTreeItemTxtPK.vgTreeCode
                                             and it2.vgTreeItemTxtPK.itemId = it.vgTreeItemTxtPK.itemId
                                             and it2.cancelDate is null
                                             and it2.cancelBy is null
                                             and it2.vgTreeItemTxtPK.langId in ( 1, :langId))
      order by v.orderBy
    </entry>

    <entry key="product.by.itemId">
      select tp
        from VgTreeProduct tp
       where tp.vgTreeProductPK.vgTreeCode = :treeCode
         and tp.vgTreeProductPK.itemId = :itemId
         and tp.cancelDate is null
    </entry>

    <entry key="product.max.productId">
        select nvl(MAX(tp.vgTreeProductPK.productId), 0)
          from VgTreeProduct tp
       where tp.vgTreeProductPK.vgTreeCode = :treeCode
         and tp.vgTreeProductPK.itemId = :itemId
    </entry>

<!--    <entry key="product.ranchiseTradeName">
      SELECT CASE when :lang = 'us' THEN
           franchise.classalternatekey
         ELSE
           nvl(idb.commonpkg.getproductlinedesc(waltercb.pdbpkg.getidblang(:lang) , oo.instanceguid), franchise.classalternatekey)
         END,
      nvl(idb.commonpkg.gettradename(waltercb.pdbpkg.getidblang(:lang), otrade.instancename), otrade.instancename)
      FROM idb.oo_instances oo, idb.oo_classes oc, idb.oo_classes franchise, waltercb.cnt_product cp, idb.Oo_Instances otrade
      WHERE oo.classguid = oc.classguid
      AND oc.classalternatekey = 'ProductLine'
      AND oo.instancename = franchise.classname
      AND otrade.instanceguid = cp.tradenameguid
      AND cp.franchiseguid = franchise.classguid
      AND cp.cnt_id = :cntId
      ORDER BY 1, 2
    </entry>-->

    <entry key="videoGallery.walter.franchises">
      SELECT franchise.classguid, franchise.classalternatekey
        FROM OoInstances trade, OoClasses franchise
       WHERE trade.classguid.classalternatekey	= 'ProductLine'
         AND franchise.classname			        = trade.instancename
    </entry>

    <entry key="videoGallery.walter.franchises.translation">
      SELECT babeltrade.instanceguid.instancename, babeltrade.membervalue
        FROM OoBabelMembers babelTrade
       WHERE babelTrade.languageguid.instancealternatekey = :languageAbbreviation
         AND babelTrade.classmemberguid.classguid.classname = 'ProductLine'
    </entry>

    <entry key="videoGallery.walter.tradenames">
      SELECT DISTINCT trade.instanceguid, wpc.productguid.ooInstances.classguid.classguid,
             wpc.productguid.ooInstances.classguid.classalternatekey, trade.instancename
        FROM WalterProductsCountries wpc, OoInstances trade, OoInstances opline
       WHERE opline.classguid.classalternatekey 	        = 'ProductLine'
         AND wpc.productguid.ooInstances.classguid.classname = opline.instancename
         AND wpc.productguid.producttype 	                in ('Product','Kit')
         AND wpc.productguid.productstatus 	                = 'Active'
         AND wpc.countryguid.instancealternatekey	        = :country
         AND wpc.topublish 					                = 'Y'
         AND wpc.tradenameguid 					            = trade.instanceguid
         AND trade.classguid.classname	            = 'TradeName'
         AND wpc.tradenameguid IS NOT NULL
         AND trade.instanceguid not in (select tp.tradenameguid
                                          from VgTreeProduct tp
                                         where tp.vgTreeProductPK.vgTreeCode = :vgTreeCode
                                           and tp.vgTreeProductPK.itemId = :vgItemId
                                           and tp.cancelDate is null)
         AND trade.instancestatus                          = 'Active'
    </entry>

    <entry key="videoGallery.walter.tradenames.translation">
      SELECT babeltrade.instanceguid.instancename, babeltrade.membervalue
        FROM OoBabelMembers babelTrade
       WHERE babelTrade.languageguid.instancealternatekey = :languageAbbreviation
         AND babelTrade.classmemberguid.classguid.classname = 'TradeName'
    </entry>


    <entry key="videoGallery.walter.tradename">
      SELECT DISTINCT trade.instanceguid, wpc.productguid.ooInstances.classguid.classguid,
             wpc.productguid.ooInstances.classguid.classalternatekey, trade.instancename
        FROM WalterProductsCountries wpc, OoInstances trade, OoInstances opline
       WHERE opline.classguid.classalternatekey 	        = 'ProductLine'
         AND wpc.productguid.ooInstances.classguid.classname = opline.instancename
         AND wpc.productguid.producttype 	                in ('Product','Kit')
         AND wpc.productguid.productstatus 	                = 'Active'
         AND wpc.countryguid.instancealternatekey	        = :country
         AND wpc.topublish 					                = 'Y'
         AND wpc.tradenameguid 					                = trade.instanceguid
         AND trade.classguid.classname	            = 'TradeName'
         AND wpc.tradenameguid IS NOT NULL
         AND trade.instanceguid = :tradeGuid
    </entry>


    <entry key="videoGallery.walter.franchises">
      SELECT franchise.classguid, franchise.classalternatekey
        FROM OoInstances trade, OoClasses franchise
       WHERE trade.classguid.classalternatekey	= 'ProductLine'
         AND franchise.classname			        = trade.instancename
    </entry>

    <entry key="videoGallery.walter.franchise">
      SELECT franchise.classguid, franchise.classalternatekey
        FROM OoInstances trade, OoClasses franchise
       WHERE trade.classguid.classalternatekey	= 'ProductLine'
         AND franchise.classname			        = trade.instancename
         and franchise.classguid = :franchiseGuid
    </entry>

    <entry key="all.parentId">
      select it
        from VgTreeItemTxt it, VgTreeItem v
       where v.vgTreeItemPK.vgTreeCode = it.vgTreeItemTxtPK.vgTreeCode
         and v.vgTreeItemPK.itemId = it.vgTreeItemTxtPK.itemId
         and v.vgTreeItemPK.vgTreeCode = :vgTreeCode      
         and v.parentId = :parentId
         and v.cancelDate is null
         and v.cancelBy is null
         and it.cancelDate is null
         and it.cancelBy is null
    </entry>
</properties>
